"Prestashop Product ID";"Reference (SKU)";UPC;EAN;"Product Name";Manufacturer
6324_0;';;'3100000063238;"Infini Meso L";
6323_0;';;'3100000063238;"Infini Meso M";
6297_0;';;'3760054603707;"LCE balm";
6299_0;';;'3760054601109;"Extreme Care";
6302_0;';;'3760054600102;"Gentle Soap";
6304_0;';;'3760054600607;"Soothing Nourishing Moisturizing Milk - CEBELIA";
6305_0;';;'3760054603103;"LCE Regard, anti-puffiness, anti-dark circles treatment - CEBELIA";
6311_0;';;'3760054600058;"Anti-Hair Loss Lotion";
132_0;'9999900006766;;'3100000001322;"DESIRIAL PLUS (stylage) (4ML of 2x2ml)";VIVACY
6314_0;';;'3100000063146;"B. Braun Injekt-F Fine Dosing Syringes";
6314_120;';;'3100631401201;"B. Braun Injekt-F Fine Dosing Syringes (box of 10)";
6314_121;';;'3100631401218;"B. Braun Injekt-F Fine Dosing Syringes (1)";
6314_124;';;'3100631401249;"B. Braun Injekt-F Fine Dosing Syringes (box of 100)";
6313_0;';;'3518646217142;"Septimyl 0.5% Chlorhexidine Solution Spray 100ml";
6312_0;';;'3401545582360;"ACTIPOCHE Thermal Cushion 10 x 15 cm";
724_0;';;'3100000007249;"Sisthaema Hevo T (1x2ml)";
14_0;'9999900001686;;'3100000000141;"JUVEDERM ULTRA 4 (2x1ml)";Juvederm
821_0;';;'3100000007553;"Premium Meso N-HA - INFINI";
819_0;';;'3100000007447;"AIGUILLES MESBIO 27G/0.4x4 MM";"Needle Concept"
818_0;';;'3100000007553;"Télomère+ - BODYPUR";
817_0;';;'3100000007553;"Degreasing Solution 100ml - INNOAESTHETICS";
9_0;'9999900001709;;'3100000000097;"JUVEDERM VOLUMA avec Lidocaïne (2x1ml)";Juvederm
498_0;';;'3100000004989;"NoFi Kit - Pack Sterile | Hyaluronic Filler Market";NOFI
816_0;';;'3100000001476;"Hydrozid 200 ml";
815_0;';;'3100000001476;"Belotero Lidocaine Soft 1ml";MERZ
814_0;';;'3100000001483;"BELOTERO Lidocaine Balance";MERZ
813_0;';;'3100000007553;"Über Peel Pro 118ml - DP DERMACEUTICALS";
811_0;';;'3100000001506;"BELOTERO Lidocaine Volume";MERZ
810_0;';;'3100000001490;"BELOTERO Lidocaine Intense";MERZ
809_0;';;'3100000007553;"Über Peel Pro 30 ml - DP DERMACEUTICALS";
808_0;';;'3100000007553;"LumaFuse Mask (x5) - DP DERMACEUTICALS";
807_0;';;'3100000007553;"Led Face Mask - DP DERMACEUTICALS";
806_0;';;'3100000007553;"Hyla Active 3D Sculptured Mask (box of 33)  - DP DERMACEUTICALS";
806_116;';;'3100080601160;"Hyla Active 3D Sculptured Mask (box of 33)  - DP DERMACEUTICALS (Box of 5 masks)";
806_117;';;'3100080601177;"Hyla Active 3D Sculptured Mask (box of 33)  - DP DERMACEUTICALS (1 box of 33 masks)";
804_0;';;'3100000007553;"MG Exo-Skin (5x5ml) - DP DERMACEUTICALS";
803_0;';;'3100000007553;"MG Collection-CLR (5x5ml) - DP DERMACEUTICALS";
802_0;';;'3100000007553;"MG Collection-RAS (5x5ml) - DP DERMACEUTICALS";
801_0;';;'3100000007553;"MG Collection-Ha35 (5x5ml) - DP DERMACEUTICALS";
800_0;';;'3100000007553;"MG Collection-Ha35+ (5x5ml) - DP DERMACEUTICALS";
799_0;';;'3100000007553;"MG Collection-BL (5x5ml) - DP DERMACEUTICALS";
798_0;';;'3100000007553;"Hyla Active 250ml - DP DERMACEUTICALS";
797_0;';;'3100000007553;"Vitamin Rich Repair 250ml - DP DERMACEUTICALS";
796_0;';;'3100000007553;"Tri-Phase Cleanser 250ml - DP DERMACEUTICALS";
795_0;';;'3100000007553;"Cliniprep 100ml - DP DERMACEUTICALS";
794_0;';;'3100000005139;"ME LINE 01 Moist 250ml - INNOAESTHETICS";
792_0;';;'3100000005139;"ME LINE 01 RESTORE 250ml - INNOAESTHETICS";
791_0;';;'3100000007911;"Monsieur Skin Care - Soin Hydratant Expert 50ml | Vivacy";VIVACY
785_0;';;'3100000007553;"Connecteur Radiesse BAXTER";
784_0;';;'3100000007553;"Canules MERZ AESTHETICS 20u (22G 25G, 27G / 25mm, 28mm, 50mm)";
784_69;';;'3100007840696;"Canules MERZ AESTHETICS 20u (22G 25G, 27G / 25mm, 28mm, 50mm) (38 mm - 25G)";
784_70;';;'3100007840702;"Canules MERZ AESTHETICS 20u (22G 25G, 27G / 25mm, 28mm, 50mm) (50 mm - 25G)";
784_71;';;'3100007840719;"Canules MERZ AESTHETICS 20u (22G 25G, 27G / 25mm, 28mm, 50mm) (25 mm - 27G)";
784_72;';;'3100007840726;"Canules MERZ AESTHETICS 20u (22G 25G, 27G / 25mm, 28mm, 50mm) (38 mm - 27G)";
783_0;';;'3100000007553;"DNA Super Booster 1x10ml - INFINI";
782_0;';;'3100000007553;"N-Premium Meso 5x10ml - INFINI";
781_0;';;'3100000007553;"Remedium Ha+ 5x10ml (Hyaluronidase 1500 IU) - INFINITE";
781_98;';;'3100007810989;"Remedium Ha+ 5x10ml (Hyaluronidase 1500 IU) - INFINITE (One box (5x10ml))";
780_0;';;'3100000007553;"Premium BTX (5X10 ml) - INFINI";
780_110;';;'3100078001101;"Premium BTX (5X10 ml) - INFINI (One box (5x10ml))";
780_113;';;'3100078001132;"Premium BTX (5X10 ml) - INFINI (1 vial)";
779_0;';;'3100000007553;"Meso Whitening Max 5x10ml - INFINI";
777_0;';;'3100000007553;"Meso Hair Max 5x10ml - INFINI";
775_0;';;'3100000007553;"Skin Recovery 5x5ml - INNOAESTHETICS";
774_0;';;'3100000007553;"T.C. Age 5x5ml - INNOAESTHETICS";
773_0;';;'3100000007553;"Glyco-Age 30ml - INNOAESTHETICS";
772_0;';;'3100000007553;"Bio C 2x2x5ml - INNOAESTHETICS";
771_0;';;'3100000007553;"Mandelage 30ml - INNOAESTHETICS";
770_0;';;'3100000007553;"Ultimate Eye Corrector 2x10g - INNOAESTHETICS";
769_0;';;'3100000007553;"Redness-ID 4x2,5ml - INNOAESTHETICS";
768_0;';;'3100000007553;"Firming 4x5ml - INNOAESTHETICS";
767_0;';;'3100000007553;"Face Nade 4x2,5ml - INNOAESTHETICS";
766_0;';;'3100000007553;"Tigf 4x2,5ml - INNOAESTHETICS";
765_0;';;'3100000007553;"DNA Pept-Ha 4x2,5ml - INNOAESTHETICS";
764_0;';;'3100000007553;"Hair Vital 4x2,5ml - INNOAESTHETICS";
763_0;';;'3100000007553;"Hair Loss Control 4x2,5ml - INNOAESTHETICS";
762_0;';;'3100000007553;"AKN-ID 4x2,5ml - INNOAESTHETICS";
759_0;';;'3100000007553;"Sensitive-ID 4x2,5ml - INNOAESTHETICS";
758_0;';;'3100000007553;"Cynara Plus+ 4x5ml - INNOAESTHETICS";
757_0;';;'3100000007553;"Slimming 4x5ml - INNOAESTHETICS";
756_0;';;'3100000007553;"Draining PPC 4x5ml - INNOAESTHETICS";
755_0;';;'3100000007553;"Vitamin Complex 4x5ml - INNOAESTHETICS";
754_0;';;'3100000007546;"Fill Up 4x2,5ml - INNOAESTHETICS";
753_0;';;'3100000007539;"Restructurer 4x5ml - INNOAESTHETICS";
752_0;';;'3100000007522;"Matrix 4x2,5ml - INNOAESTHETICS";
747_0;';;'3100000007478;"Restylanes injectable filler Lyft lidocaines";
746_0;';;'3100000007461;"DIVES - Bright eyes";
746_114;';;'3100074601145;"DIVES - Bright eyes (10x5ml)";
746_115;';;'3100074601152;"DIVES - Bright eyes (1x5ml)";
745_0;';;'3100000007454;"Profhilo Body Kit - IBSA";IBSA
736_0;';;'3100000007362;"AIGUILLES MESBIO 30Gx4 MM (Paroi ultra fine)";"Needle Concept"
734_0;';;'3100000007348;"AIGUILLES MESBIO 30Gx12 MM (Paroi ultra fine)";"Needle Concept"
733_0;';;'3100000007331;"AIGUILLES MESBIO 31Gx12 MM (Paroi ultra fine)";"Needle Concept"
730_0;';;'3100000007300;"AIGUILLES MESBIO 32Gx8 MM (Paroi ultra fine)";"Needle Concept"
719_0;';;'3100000007195;"ART FILLER UNIVERSAL 2x1ml - FILLMED";Fillmed
716_0;';;'3100000007164;"ART FILLER FINE LINES 2x1ml - FILLMED";Fillmed
715_0;';;'3100000007157;"MAILI EXTREME (coffret 4x1ml)";
6274_0;'4005800276767;;'4005800276767;;EUCERIN
6258_0;'3264680023323;;'3264680023323;;Nuxe
6255_0;'3522930003441;;'3522930003441;;CAUDALIE
6254_0;'3522932003562;;'3522932003562;;CAUDALIE
6253_0;'3522930003519;;'3522930003519;;CAUDALIE
6252_0;'3701129801710;;'3701129801710;;BIODERMA
6234_0;'3282770206739;;'3282770206739;;KLORANE
6232_0;'3282770206746;;'3282770206746;;KLORANE
6231_0;'3282770206784;;'3282770206784;;KLORANE
6230_0;'3661434008740;;'3661434008740;;URIAGE
6229_0;'3282770206760;;'3282770206760;;KLORANE
6228_0;'3282770206418;;'3282770206418;;KLORANE
6226_0;'3282770207934;;'3282770207934;;KLORANE
6221_0;'4005800238963;;'4005800238963;;EUCERIN
6217_0;'3662361002603;;'3662361002603;;SVR
6208_0;'3578835500691;;'3578835500691;"Arkopharma Arkogélules BIO Ortie x 45";ARKOPHARMA
6205_0;'3578835502121;;'3578835502121;"Arkopharma Arkogélules BIO Huile de Bourrache 60 gélules";ARKOPHARMA
6199_0;'3578835503470;;'3578835503470;;ARKOPHARMA
6197_0;'3578835502688;;'3578835502688;;ARKOPHARMA
6190_0;'3578835500578;;'3578835500578;;ARKOPHARMA
6184_0;'3578835503159;;'3578835503159;;ARKOPHARMA
6182_0;'3578835503395;;'3578835503395;;ARKOPHARMA
6173_0;'3578835500554;;'3578835500554;;ARKOPHARMA
6171_0;'3578835502107;;'3578835502107;;ARKOPHARMA
6168_0;'3578835503111;;'3578835503111;;ARKOPHARMA
6166_0;'3282770143560;;'3282770143560;;KLORANE
6164_0;'3282770144819;;'3282770144819;;KLORANE
6163_0;'8059307160858;;'8059307160858;;ROSEBAIE
6161_0;'3282770149333;;'3282770149333;;KLORANE
6160_0;'3282770203417;;'3282770203417;;KLORANE
6159_0;'3282770143522;;'3282770143522;;KLORANE
6156_0;'3282770144871;;'3282770144871;;KLORANE
6153_0;'8059307161039;;'8059307161039;;ROSEBAIE
6152_0;'3282770144659;;'3282770144659;;KLORANE
6151_0;'3282770149432;;'3282770149432;;KLORANE
6150_0;'8059307160841;;'8059307160841;;ROSEBAIE
6149_0;'8059307160070;;'8059307160070;;ROSEBAIE
6148_0;'3282770145311;;'3282770145311;;KLORANE
6139_0;'3701129804056;;'3701129804056;;BIODERMA
6124_0;'3661434008795;;'3661434008795;"Uriage Crème Lavante 200 ml";URIAGE
6111_0;'8720182039217;;'8720182039217;;Parongencyl
6110_0;'8717163687680;;'8717163687680;;Zendium
6105_0;'8710522798164;;'8710522798164;;Parongencyl
6102_0;'8710604763370;;'8710604763370;;Parongencyl
6101_0;'3433425095417;;'3433425095417;;VICHY
6097_0;'3337875735759;;'3337875735759;;"LA ROCHE-POSAY"
6096_0;'3662361001866;;'3662361001866;;SVR
6095_0;'3282770145014;;'3282770145014;;A-DERMA
6093_0;'3701129801727;;'3701129801727;;BIODERMA
6092_0;'3337875735742;;'3337875735742;;"LA ROCHE-POSAY"
6085_0;'3522930003892;;'3522930003892;;CAUDALIE
6082_0;'3337875685818;;'3337875685818;;"LA ROCHE-POSAY"
6075_0;'3522930003601;;'3522930003601;;CAUDALIE
6073_0;'3350900000134;;'3350900000134;;"Laboratoires Embryolisse"
6072_0;'3522931003693;;'3522931003693;;CAUDALIE
6063_0;'3662361002429;;'3662361002429;;SVR
6061_0;'4005800220203;;'4005800220203;;EUCERIN
6059_0;'3282770144604;;'3282770144604;;AVENE
6057_0;'3282770144536;;'3282770144536;;AVENE
6048_0;'3661434004865;;'3661434004865;;URIAGE
6047_0;'3337875777773;;'3337875777773;;"LA ROCHE-POSAY"
6044_0;'3282770147322;;'3282770147322;;KLORANE
6042_0;'3337875708289;;'3337875708289;;"LA ROCHE-POSAY"
6041_0;'3522930003175;;'3522930003175;;CAUDALIE
6040_0;'3522930003083;;'3522930003083;;CAUDALIE
6038_0;'3522931003075;;'3522931003075;;CAUDALIE
6035_0;'3522930003144;;'3522930003144;;CAUDALIE
6033_0;'3337875777759;;'3337875777759;;"LA ROCHE-POSAY"
6017_0;'3522930003502;;'3522930003502;;CAUDALIE
6015_0;'3337875774017;;'3337875774017;;VICHY
6010_0;'3337875774123;;'3337875774123;;VICHY
6009_0;'3662361001958;;'3662361001958;;SVR
6007_0;'3282770146929;;'3282770146929;;KLORANE
6006_0;'3337875731409;;'3337875731409;;"LA ROCHE-POSAY"
6005_0;'3522930003397;;'3522930003397;;CAUDALIE
6003_0;'3661434011931;;'3661434011931;;URIAGE
5998_0;'3337875731638;;'3337875731638;;"LA ROCHE-POSAY"
5995_0;'3282770208016;;'3282770208016;;KLORANE
5994_0;'3522930003328;;'3522930003328;;CAUDALIE
5993_0;'3350900000011;;'3350900000011;;"Laboratoires Embryolisse"
5991_0;'3337875760201;;'3337875760201;;"LA ROCHE-POSAY"
5989_0;'3282770208047;;'3282770208047;;KLORANE
5985_0;'3282770207552;;'3282770207552;;KLORANE
5984_0;'3662361001934;;'3662361001934;;SVR
5982_0;'3337875800853;;'3337875800853;;"LA ROCHE-POSAY"
5978_0;'3596200080265;;'3596200080265;;WELEDA
5977_0;'3337875777797;;'3337875777797;;"LA ROCHE-POSAY"
5976_0;'3282770388336;;'3282770388336;;AVENE
5972_0;'3282770138801;;'3282770138801;;AVENE
5970_0;'3662361001835;;'3662361001835;;SVR
5940_0;'7611916160769;;'7611916160769;;WELEDA
5939_0;'7611916124501;;'7611916124501;;WELEDA
5938_0;'7611916160738;;'7611916160738;;WELEDA
5933_0;'8001090433831;;'8001090433831;;Vicks
5927_0;'3661434008504;;'3661434008504;;URIAGE
5924_0;'3661434008276;;'3661434008276;;URIAGE
5923_0;'3661434008498;;'3661434008498;;URIAGE
5919_0;'3664492000909;;'3664492000909;;URGO
5916_0;'3664492000442;;'3664492000442;;URGO
5914_0;'3664492000251;;'3664492000251;;URGO
5912_0;'3664492017877;;'3664492017877;;URGO
5901_0;'3662361001910;;'3662361001910;;SVR
5877_0;'3341170287004;;'3341170287004;;SCHOLL
5870_0;'3700695221229;;'3700695221229;;"SANTE VERTE"
5853_0;'3700399101438;;'3700399101438;;SAFORELLE
5837_0;'5054563106131;;'5054563106131;;Polident
5823_0;'3059944151009;;'3059944151009;;Optone
5817_0;'3700343903002;;'3700343903002;;Mylan
5813_0;'9001616808906;;'9001616808906;;MAM
5812_0;'9001616811623;;'9001616811623;;MAM
5811_0;'9001616808913;;'9001616808913;;MAM
5810_0;'9001616808890;;'9001616808890;;MAM
5809_0;'3760007337109;;'3760007337109;;Luxéol
5800_0;'3401577318241;;'3401577318241;;LERO
5787_0;'3664391000208;;'3664391000208;;Laudavie
5770_0;'3700399101384;;'3700399101384;;IPRAD
5756_0;'7630019904711;;'7630019904711;;GUM
5755_0;'7630019904704;;'7630019904704;;GUM
5744_0;'3041091474988;;'3041091474988;;Gallia
5743_0;'3041091729248;;'3041091729248;;Gallia
5741_0;'3499320009546;;'3499320009546;;"Galderma Spirig"
5739_0;'3700221300527;;'3700221300527;;"FORTE PHARMA"
5738_0;'8720182015464;;'8720182015464;;FLUOCARIL
5737_0;'8710522974384;;'8710522974384;;FLUOCARIL
5735_0;'8710604763233;;'8710604763233;;FLUOCARIL
5732_0;'8710604763578;;'8710604763578;;FLUOCARIL
5726_0;'5000488302851;;'5000488302851;;Famadem
5723_0;'3577056022180;;'3577056022180;;"FABRE SANTE"
5721_0;'3577056022456;;'3577056022456;;"FABRE DENTAIRE"
5719_0;'3577056023088;;'3577056023088;;"FABRE DENTAIRE"
5718_0;'3577056023583;;'3577056023583;;"FABRE DENTAIRE"
5717_0;'3577056024238;;'3577056024238;;"FABRE DENTAIRE"
5716_0;'3577056024221;;'3577056024221;;"FABRE DENTAIRE"
5712_0;'4005800294747;;'4005800294747;;EUCERIN
5703_0;'4005800271694;;'4005800271694;;ELASTOPLAST
5699_0;'4005800281280;;'4005800281280;;ELASTOPLAST
5698_0;'4005800271786;;'4005800271786;;ELASTOPLAST
5695_0;'4005800271601;;'4005800271601;;ELASTOPLAST
5694_0;'4005800271663;;'4005800271663;;ELASTOPLAST
5693_0;'4005900923042;;'4005900923042;;ELASTOPLAST
5691_0;'4005800007378;;'4005800007378;;ELASTOPLAST
5690_0;'4005900833792;;'4005900833792;;ELASTOPLAST
5687_0;'4005800241161;;'4005800241161;;ELASTOPLAST
5686_0;'3770009584005;;'3770009584005;;Efficare/Effiscience
5683_0;'3282770141467;;'3282770141467;;DUCRAY
5679_0;'3700322000098;;'3700322000098;"Dermophil Indien Stick Original pour les Mains 30 g";DERMOPHIL
5674_0;'3614819997122;;'3614819997122;"Etiaxil Antiperspirant Feet Treatment 100ml";COOPER
5671_0;'3614810001323;;'3614810001323;"Hyalugel Forte Spray Buccal 20ml";COOPER
5662_0;'3337875773430;;'3337875773430;"Cerave Moisturizing Foaming Cleansing Oil 236ml";CeraVe
5659_0;'4022167330307;;'4022167330307;"Braun Thermomètre Auriculaire Thermoscan 3";Braun
5631_0;'3534510001129;;'3534510001129;"Berocca Immunity Flash 30 Effervescent Tablets";BEROCCA
5630_0;'3534510000702;;'3534510000702;"Berocca Energie Cassis 30 cp effervescent";BEROCCA
5629_0;'3534510001006;;'3534510001006;"BepanthenDerma® Rich Repairing Cream 200ml";"BAYER SANTE FAMILIALE"
5618_0;'3534510000979;;'3534510000979;"BepanthenDerma® Gel Lavant Doux Corps 400ml";"BAYER SANTE FAMILIALE"
5599_0;'3282770142341;;'3282770142341;"A-derma Universal Multi-Purpose Cream 50ml";A-DERMA
5598_0;'3282770144291;;'3282770144291;"ADERMA DERMALIBOUR CICA CREME 50 ml";A-DERMA
5597_0;'3282770146691;;'3282770146691;"A-Derma Biology AR Anti-Redness Dermatological Care 40ml";A-DERMA
5596_0;'3282770146615;;'3282770146615;"A-Derma Biology Moisturizing Dermatological Rich Cream 40ml";A-DERMA
5594_0;'3282770146547;;'3282770146547;"A-Derma Biology Hydra-cleansing dermatological cleansing milk 200ml";A-DERMA
5593_0;'3282770146578;;'3282770146578;"A-Derma Biology Hydra-Cleansing Dermatological Micellar Water 400ml";A-DERMA
5592_0;'3282770146448;;'3282770146448;"A-Derma 2in1 Emollient Cleansing Gel 2 x 500ml";A-DERMA
5591_0;'3282770145021;;'3282770145021;"ADERMA DERMALIBOUR CICA FOAMING GEL 200ml";A-DERMA
5584_0;'3700640500782;;'3700640500782;"Ialusetcare Plus Crème 25 g";Genevrier
5581_0;'3337875761031;;'3337875761031;"La Roche-Posay Anthelios Age Correct Photocorrection Daily Sun Care SPF50 50ml";"LA ROCHE-POSAY"
5576_0;'4005900913678;;'4005900913678;"Elastoplast Green & Protect Tissu 20 Pansements 2 formats";ELASTOPLAST
5575_0;'4005800288296;;'4005800288296;"Eucerin Urearepair Plus Foot Foam 10% Urea 150ml";EUCERIN
5574_0;'4005900924599;;'4005900924599;"Eucerin Urearepair Plus Emollient 5% Urea Flavored 400ml";EUCERIN
5572_0;'4005800294884;;'4005800294884;"Eucerin Hyaluron-Filler + 3X Effect Sérum Booster D'Hydratation 30 ml";EUCERIN
5570_0;'4005800295003;;'4005800295003;"Eucerin Dermopure Sérum Triple Action 40 ml";EUCERIN
5569_0;'3282770148435;;'3282770148435;"Ducray Kertyol PSO Gel Nettoyant Surgras 400 ml";DUCRAY
5568_0;'3282770146028;;'3282770146028;"Ducray Keracnyl Stop pimple drying gel 10ml";DUCRAY
5567_0;'3282770145175;;'3282770145175;"Ducray Keracnyl UV 50+ Fluide Anti-imperfections Peaux grasses à tendance acnéique 50 ml";DUCRAY
5564_0;'3282770148039;;'3282770148039;"Ducray Palpébral Dexyane MeD 15 ml";DUCRAY
5563_0;'3337875722827;;'3337875722827;"La Roche-Posay Effaclar anti blemish face serum micro peeling acne-prone skin 30ml";"LA ROCHE-POSAY"
5562_0;'3578835504026;;'3578835504026;"Arkopharma Azinc® BIO Acérola 1000 x30 CP";ARKOPHARMA
5560_0;'3578835503906;;'3578835503906;"Arkopharma Azinc Boost 20cp";ARKOPHARMA
5559_0;'3578835503920;;'3578835503920;"Arkopharma Azinc Senior 30cp";ARKOPHARMA
5557_0;'3578835503913;;'3578835503913;"Arkopharma Good Night Phytofluid x20 vials";ARKOPHARMA
5550_0;'3337875774086;;'3337875774086;"Vichy Neovadiol Peri-Menopause Redensifying Night Cream 50ml";VICHY
5545_0;'3504105035921;;'3504105035921;"Mustela Bébé Lait Corps Avocat 500 ml";MUSTELA
5543_0;'3504105034306;;'3504105034306;"Mustela Baby Stelatopia Cleansing Oil 500ml";MUSTELA
5542_0;'3504105034399;;'3504105034399;"Mustela Baby Infant Foam Shampoo 150ml";MUSTELA
5541_0;'3504105036089;;'3504105036089;"Mustela Baby Gel Cold Cream 300ml";MUSTELA
5538_0;'3522930003151;;'3522930003151;"Caudalie Moisturizing Toning Lotion - 200 mL";CAUDALIE
5537_0;'3522931003587;;'3522931003587;"Caudalie Premier Cru The Rich Cream The Refill 50ml";CAUDALIE
5536_0;'3522930003335;;'3522930003335;"Caudalie Vinosource Moisturizing Sorbet Cream - 40 mL";CAUDALIE
5534_0;'3522930003571;;'3522930003571;"Caudalie Premier Cru The Rich Cream 50ml";CAUDALIE
5533_0;'3522930003168;;'3522930003168;"Caudalie Lotion Tonique Hydratante - 400 mL";CAUDALIE
5532_0;'3522930003137;;'3522930003137;"Caudalie Cleansing Almond Milk - 400 mL";CAUDALIE
5531_0;'3522930003052;;'3522930003052;"Caudalie Vine Flower Cleansing Foam - 50 mL";CAUDALIE
5530_0;'3522930003373;;'3522930003373;"Caudalie Vinosource Hydrating Grape Water Jelly - 50 ml";CAUDALIE
5529_0;'3522930003120;;'3522930003120;"Caudalie Cleansing Almond Milk - 200 mL";CAUDALIE
5528_0;'3522930003106;;'3522930003106;"Caudalie Micellar Cleansing Water - 400 mL";CAUDALIE
5527_0;'3522930003625;;'3522930003625;"Caudalie Vinotherapist Lipid-Replenishing Vegan Body Butter 250ml";CAUDALIE
5524_0;'3522930003489;;'3522930003489;"Caudalie Anti-Fatigue Vitamin C Serum 30ml";CAUDALIE
5523_0;'3522930003458;;'3522930003458;"Caudalie Vinopure Skin Perfecting Mattifying Fluid - 40 mL";CAUDALIE
5522_0;'3522930003540;;'3522930003540;"Caudalie Premier Cru The Serum 30ml";CAUDALIE
5521_0;'3522930003632;;'3522930003632;"Caudalie Vinotherapist Soin Corps Nourrissant Hyaluronique 200 mL";CAUDALIE
5519_0;'3282770150261;;'3282770150261;"Avène Cicalfate+ Purifying Cleansing Gel 200ml";AVENE
5516_0;'3578835500592;;'3578835500592;"Arkopharma Arkogélules BIO Spiruline x 150";ARKOPHARMA
5506_0;'3700399101582;;'3700399101582;"Iprad Thalamag Boost 30 comprimés";IPRAD
5505_0;'3701129803691;;'3701129803691;"Bioderma Photoderm AKN Mat, anti-blemish mattifying corrective fluid for acne-prone skin 40ml";BIODERMA
5492_0;'3596200088766;;'3596200088766;"Weleda Iris Moisturizing Day Cream 30ml";WELEDA
5484_0;'3337871318888;;'3337871318888;"Vichy Homme Sensi Baume, Anti-reaction comfort balm - Sensitive skin 75 ml";VICHY
5483_0;'3282770147896;;'3282770147896;"Avène Men Shaving Gel 150ml";AVENE
5475_0;'4005900649614;;'4005900649614;"Nobacter Shaving Foam 2 x 150ml";EUCERIN
5470_0;'3282770147919;;'3282770147919;"Avène Men Shaving Foam 200ml";AVENE
5467_0;'3282770147926;;'3282770147926;"Avène Men Shaving Foam 50ml";AVENE
5458_0;'3578835501797;;'3578835501797;"Arkopharma Arkogélules BIO Gingembre x 40";ARKOPHARMA
5455_0;'6001159124863;;'6001159124863;"Bi-Oil Natural Oil 60ml";"OMEGA PHARMA"
5445_0;'3578835503234;;'3578835503234;"Arkopharma Azinc Immunité 30 comprimés";ARKOPHARMA
5440_0;'3282770202274;;'3282770202274;"Ducray Kelual Keratoreducing emulsion cradle cap 50ml";DUCRAY
5439_0;'3661434008658;;'3661434008658;"Uriage Bébé 1ère Crème Hydratante 40ml";URIAGE
5436_0;'3504105035952;;'3504105035952;"Mustela Bébé Moisturizing Face Cream Avocado 40ml";MUSTELA
5431_0;'3504105035853;;'3504105035853;"Mustela Baby Avocado Massage Oil 100ml";MUSTELA
5427_0;'3572731202635;;'3572731202635;"Modilac expert 1 Rice AR 800g";Modilac
5424_0;'4022167004000;;'4022167004000;"Braun Thermometer Non Contact + Contact BNT 400";Braun
5411_0;'3504105036027;;'3504105036027;"Mustela Bébé Refreshing and Styling Water 200ml";MUSTELA
5396_0;'9001616812347;;'9001616812347;"MAM Nature Pattern Silicone Pacifiers +16 months";MAM
5393_0;'9001616812323;;'9001616812323;"MAM Nature Pattern Silicone Pacifiers 2-6 months";MAM
5385_0;'3661434008627;;'3661434008627;"Uriage Bébé 1er Shampoing 200ml";URIAGE
5380_0;'3504105036034;;'3504105036034;"Mustela Baby 2-in-1 Cleansing Gel Avocado 200ml";MUSTELA
5377_0;'3504105036133;;'3504105036133;"Mustela Baby Gentle Shampoo 500ml";MUSTELA
5376_0;'3661434008689;;'3661434008689;"Uriage Baby 1st Cleansing Cream 1L";URIAGE
5374_0;'7630019903943;;'7630019903943;"GUM Gel Dentifrice KIDS 2-6 ans 2x 50ml";GUM
5373_0;'3564300031876;;'3564300031876;"Respimer mouche bébé + 5 filtres";"OMEGA PHARMA"
5370_0;'3595890257438;;'3595890257438;"Respimer Baby decongestion spray 125ml";"OMEGA PHARMA"
5366_0;'8718951412880;;'8718951412880;"ELMEX Toothpaste 3-6 YEARS 2 x 50ml";ELMEX
5353_0;'3282770114072;;'3282770114072;"Klorane Bébé Lingettes nettoyantes douces au Calendula apaisant Peau normale à sèche 25 unités";KLORANE
5352_0;'3504105036904;;'3504105036904;"Mustela Baby Change Spray 75ml";MUSTELA
5349_0;'3661434008597;;'3661434008597;"Uriage Crème Change 100ml";URIAGE
5347_0;'3504105036546;;'3504105036546;"Mustela Organic Cotton Wipes with Water x 60";MUSTELA
5346_0;'3701129802168;;'3701129802168;"Bioderma ABCDerm Intensive Change, baby anti-redness diaper cream 75 g";BIODERMA
5344_0;'3661434008757;;'3661434008757;"Uriage Bébé 1ères Lingettes Nettoyante x70";URIAGE
5341_0;'3701129800980;;'3701129800980;"Bioderma ABCDerm H2O Biodegradable wipes baby and children normal to dry skin 60 units";BIODERMA
5340_0;'3661434008726;;'3661434008726;"Uriage 1er Baby Cleansing Water 1L";URIAGE
5336_0;'3282770105001;;'3282770105001;"Klorane Bébé Gentle cleansing wipes with soothing Calendula Normal to dry skin 70 units";KLORANE
5330_0;'3701129803721;;'3701129803721;"Bioderma Photoderm MINERAL Fluid, SPF50+, for skin allergic to chemical filters 75g";BIODERMA
5329_0;'3282770149524;;'3282770149524;"Avène - Tinted cream SPF 50+ 50ml";AVENE
5327_0;'3701129803714;;'3701129803714;"Bioderma Photoderm M, anti-recurrence clarifying gel-cream SPF50+ 40ml";BIODERMA
5325_0;'3337875797399;;'3337875797399;"La Roche-Posay Anthelios Pigment Correct Daily Sun Care Photocorrection Spf50+ 50Ml";"LA ROCHE-POSAY"
5324_0;'3662361002566;;'3662361002566;"SVR Sun Secure Spray Pocket Spf 50 20 ML";SVR
5323_0;'3662361001729;;'3662361001729;"SVR Sun Secure Fluide SPF50+ 50 ml";SVR
5319_0;'3282770209419;;'3282770209419;"A-DERMA EPITHELIALE AH ULTRA50+ 100ML";A-DERMA
5315_0;'3701129803622;;'3701129803622;"Bioderma Photoderm Invisible Mist SPF50+ for sensitive skin 150ml";BIODERMA
5312_0;'3282770141214;;'3282770141214;"Avène - Sunscreen - Intense Protect 50+ 150ML";AVENE
5311_0;'3282770209440;;'3282770209440;"A-DERMA EPITHELIALE AH ULTRA50+ 40 ml";A-DERMA
5305_0;'4005800027932;;'4005800027932;"Eucerin Sun Sensitive Protect Kids Spray Kids Spf 50+ 200 ml";EUCERIN
5297_0;'3701129803820;;'3701129803820;"Bioderma Photoderm Gel-cream after sun for sensitive skin 200ml";BIODERMA
5296_0;'3701129803837;;'3701129803837;"Bioderma Photoderm Gel-cream after sun for sensitive skin 500ml";BIODERMA
5287_0;'3282770149487;;'3282770149487;"Avène - Cream SPF 50+ 50ml";AVENE
5282_0;'3282770149548;;'3282770149548;"Avène - Sun cleanse SPF 50+ 50ml";AVENE
5277_0;'3701129803639;;'3701129803639;"Bioderma Photoderm Lait ULTRA SPF50+, invisible and unscented, moisturizes for sensitive skin 200ml";BIODERMA
5276_0;'3282770149111;;'3282770149111;"Avène - Tinted fluid SPF 50+ 50ml";AVENE
5273_0;'3282770149074;;'3282770149074;"Avène - Fluid SPF 50+ 50ml";AVENE
5271_0;'3662361001699;;'3662361001699;"SVR Sun Secure Brume Spf50 200 ML";SVR
5268_0;'3282770149494;;'3282770149494;"Avène - Fragrance Free Cream SPF 50+ 50ml";AVENE
5267_0;'3282770204803;;'3282770204803;"Avène - Solaire - Stick zones sensibles SPF 50+ 8gr";AVENE
5254_0;'3578835500653;;'3578835500653;"ARKOPHARMA Arkogélules Guarana BIO 130 gélules";ARKOPHARMA
5239_0;'3578835503289;;'3578835503289;"Arkopharma Arkocaps® BIO Burdock x45";ARKOPHARMA
5238_0;'3578835500585;;'3578835500585;"Arkopharma Arkocaps BIO Brewer's Yeast x 45";ARKOPHARMA
5233_0;'3770008157101;;'3770008157101;"Oxelio Sun Protection - Fair skin 60 capsules";JALDES
5224_0;'3578835503449;;'3578835503449;"Arkopharma Chondro-Aid® 100% Articulation 90 gélules + 30 gélules offertes";ARKOPHARMA
5223_0;'3578835502695;;'3578835502695;"Arkopharma Organic Arkocaps Blackcurrant x 150";ARKOPHARMA
5222_0;'3578835503104;;'3578835503104;"ARKOPHARMA Arkocaps Harpagophytum x 45";ARKOPHARMA
5220_0;'5054563932839;;'5054563932839;"VoltaNatura Organic massage gel 50 ml";PARATAMTAM
5204_0;'3578835502060;;'3578835502060;"Arkopharma Arkocaps BIO Pumpkin seed oil x 60";ARKOPHARMA
5197_0;'3578835501957;;'3578835501957;"Arkopharma Arkocaps BIO Black Radish x 40";ARKOPHARMA
5190_0;'3578835501940;;'3578835501940;"Arkopharma Arkogélules BIO Fénugrec x 40";ARKOPHARMA
5189_0;'3578835503173;;'3578835503173;"Arkopharma Arkogélules BIO Artichaut x 40";ARKOPHARMA
5183_0;'3578835503357;;'3578835503357;"Arkopharma Arkocaps Cannabis sativa x 45";ARKOPHARMA
5172_0;'3701056802446;;'3701056802446;"PURESSENTIEL huile vegetale bio amande douce 50ml";Puressentiel
5160_0;'3578835503388;;'3578835503388;"Arkopharma Arkokids BIO Someille 100ml";ARKOPHARMA
5156_0;'3401546294040;;'3401546294040;"Bion3 Defense Juniors 30 Chewable Tablets";BION
5154_0;'3578835502664;;'3578835502664;"Arkopharma Arkocaps BIO Maca x 40";ARKOPHARMA
5151_0;'3578835502701;;'3578835502701;"Arkopharma Organic Arkocaps Horse Chestnut x 45";ARKOPHARMA
5150_0;'3578835500660;;'3578835500660;"Arkopharma Arkocaps BIO Hamamelis x 45";ARKOPHARMA
5147_0;'3578835503142;;'3578835503142;"Arkopharma Arkocaps BIO Hawthorn x 45";ARKOPHARMA
5145_0;'3578835502596;;'3578835502596;"Arkopharma Arkocaps BIO Red Vine x 45";ARKOPHARMA
5138_0;'3578835500639;;'3578835500639;"ARKOPHARMA Arkocaps Sage 45 capsules";ARKOPHARMA
5133_0;'3578835502466;;'3578835502466;"Arkopharma Arkocaps BIO Plantain x 45";ARKOPHARMA
5130_0;'3578835503562;;'3578835503562;"Arkopharma Relax Moral+ x30cp";ARKOPHARMA
5117_0;'3518681011781;;'3518681011781;"Chondostreo Joints 90 tablets x 2 + 1 free box";Granions
5112_0;'3614810001262;;'3614810001262;"Pouxit Flash anti-lice spray 150ml";COOPER
5111_0;'3760007336607;;'3760007336607;"LUXEOL Reactive hair loss 90 capsules";Luxéol
5104_0;'3282770203813;;'3282770203813;"Klorane Quinine KERATINcaps Strength and vitality Food supplement Keratin Hair and nails 3 x 30capsules";KLORANE
5103_0;'3760302220892;;'3760302220892;"Lashilé Good Hair Men Vitamins x 60 gummies";"LASHILE BEAUTY"
5101_0;'3282770141436;;'3282770141436;"Klorane Quinine Fortifying conditioner with ORGANIC Quinine & Edelweiss Hair loss, tired hair 200 ml";KLORANE
5100_0;'3282770153255;;'3282770153255;"Ducray Neoptide Expert Sérum antichute & croissance 100 ml";DUCRAY
5098_0;'3770008157262;;'3770008157262;"Jaldes Silettum Boost Offer x180 Capsules";JALDES
5097_0;'3770008157064;;'3770008157064;"Silettum Expert Anti Hair Loss 3 x 40ml";JALDES
5096_0;'3578835503494;;'3578835503494;"Arkopharma Forcapil® Growth Gummies x60";ARKOPHARMA
5093_0;'3433422407299;;'3433422407299;"La Roche-Posay Kerium Shampoo-Gel Oily Dandruff 200ml";"LA ROCHE-POSAY"
5091_0;'3282770150131;;'3282770150131;"Klorane Shampoing Rééquilibrant Antipelliculaire au Galanga Pellicules libres 400 ml";KLORANE
5087_0;'3701129805060;;'3701129805060;"Bioderma Nodé DS+ Mild anti-dandruff shampoo 125ml";BIODERMA
5085_0;'3282770148480;;'3282770148480;"Ducray Kertyol PSO Concentré anti-démangeaison usage local 100 ml";DUCRAY
5083_0;'3282770145700;;'3282770145700;"Klorane Pivoine Après-shampoing apaisant et anti-irritant à la Pivoine - Cuir chevelu sensible et irrité 150ml";KLORANE
5081_0;'3282770208689;;'3282770208689;"Klorane Ortie Seboreducing dry shampoo with Nettle The tinted oily brown to brown hair 150ml";KLORANE
5080_0;'3282770138900;;'3282770138900;"Ducray Sensinol Shampooing physioprotecteur anti-démangeaisons Cuir chevelu irrité 400 ml";DUCRAY
5078_0;'3282770148473;;'3282770148473;"Ducray Kertyol PSO Anti-itch rebalancing treatment shampoo 200ml";DUCRAY
5077_0;'3282770145120;;'3282770145120;"Klorane Knapweed Anti-yellowing conditioner with ORGANIC Knapweed Gray, white and blond hair 200 ml";KLORANE
5072_0;'3282770145236;;'3282770145236;"Klorane Centaurée Anti-yellowing shampoo with ORGANIC Centaury - Gray, white and blond hair 200 ml";KLORANE
5070_0;'8059307160780;;'8059307160780;"Rosebaie Paris Hair Botox with Castor Oil 250ml";ROSEBAIE
5064_0;'3282770141252;;'3282770141252;"Klorane Quinine Shampoing fortifiant à la Quinine & Edelweiss BIO - Chute de cheveux, cheveux fatigués 200 ml";KLORANE
5063_0;'3282770139259;;'3282770139259;"Klorane Mango Nourishing Solid Shampoo with Mango Dry hair 80gr";KLORANE
5062_0;'3282770150643;;'3282770150643;"Klorane Cica-sérum Réparateur au Cupuaçu BIO & acide hyaluronique Cheveux très secs, abîmés 100 ml";KLORANE
5059_0;'3282770140972;;'3282770140972;"Klorane Mangue Après-shampoing Nutrition à la Mangue Cheveux secs 200ml";KLORANE
5056_0;'3282770140996;;'3282770140996;"Klorane Mango Nourishing Mask with Mango Dry hair 150ml";KLORANE
5052_0;'3282770144727;;'3282770144727;"Klorane Cupuaçu Shampoing nutritif et réparateur au beurre de Cupuaçu BIO Cheveux très secs 400ml";KLORANE
5051_0;'3282770140934;;'3282770140934;"Klorane Mango Nourishing Mango Shampoo Dry Hair 200ml";KLORANE
5048_0;'3282770144741;;'3282770144741;"Klorane Cupuaçu Shampoing nutritif et réparateur au beurre de Cupuaçu BIO Cheveux très secs 200 ml";KLORANE
5047_0;'3578835502879;;'3578835502879;"Arkopharma Forcapil Fortifiant Kératine+ 180 gélules";ARKOPHARMA
5046_0;'3282770140941;;'3282770140941;"Klorane Mangue Shampoing Nutrition à la Mangue Cheveux secs 400ml";KLORANE
5042_0;'8059307160094;;'8059307160094;"RoseBaie Professional Crystal Serum with castor oil 100ml";ROSEBAIE
5040_0;'8059307160605;;'8059307160605;"RoseBaie Caviar Shampoo 500ml";ROSEBAIE
5039_0;'3282770141023;;'3282770141023;"Klorane Mangue Crème de jour Nutrition à la Mangue Cheveux secs 125 ml";KLORANE
5037_0;'3282770144567;;'3282770144567;"Klorane Olivier Thickness and Vitality Shampoo with Organic Olive Tree Refined hair 400ml";KLORANE
5036_0;'8059307160612;;'8059307160612;"RoseBaie Caviar Masque 500ml";ROSEBAIE
5034_0;'8059307161046;;'8059307161046;"Rose Berry Amla Mask 500ml";ROSEBAIE
5033_0;'3282770149289;;'3282770149289;"Klorane Shampoing à la Camomille Illumine Cheveux blonds 400 ml";KLORANE
5029_0;'3282770149609;;'3282770149609;"Klorane Shampoing au Cédrat Légèreté 400 ml";KLORANE
5028_0;'3282770145366;;'3282770145366;"Klorane Avoine Extra-mild shampoo with oat milk Frequent use All hair types from 3 years old 200ml";KLORANE
5025_0;'3282770144574;;'3282770144574;"Klorane Olivier Shampoing Epaisseur et vitalité à l'Olivier BIO Cheveux affinés 200 ml";KLORANE
5024_0;'3282770143577;;'3282770143577;"Klorane Pomegranate Shine Shampoo with Pomegranate Colored Hair 400ml";KLORANE
5021_0;'3282770145373;;'3282770145373;"Klorane Shampoing Extra-doux Tous types de cheveux à l'Avoine 400 ml";KLORANE
5019_0;'3282770149272;;'3282770149272;"Klorane Shampoing à la Camomille Illumine Cheveux blonds 200 ml";KLORANE
5018_0;'3282770145076;;'3282770145076;"Klorane Pivoine Soothing and anti-irritant shampoo with Organic Peony Sensitive and irritated scalp 400ml";KLORANE
5017_0;'3282770145069;;'3282770145069;"Klorane Pivoine Shampoing à la Pivoine BIO Apaisant Cuir chevelu sensible 200 ml";KLORANE
5014_0;'3282770149616;;'3282770149616;"Klorane Shampoing au Cédrat Légèreté 200 ml";KLORANE
5012_0;'3282770148275;;'3282770148275;"Ducray Extra-Doux Shampooing quotidien dermo-protecteur cheveux normaux et délicats de toute la famille Capsule 400ml";DUCRAY
5011_0;'3701129804773;;'3701129804773;"Bioderma Nodé P apaisant shampoing anti-pelliculaire cuirs chevelus irrités 400 ml";BIODERMA
5010_0;'3282770141283;;'3282770141283;"Klorane Quinine Shampoing fortifiant à la Quinine & Edelweiss BIO - Chute de cheveux, cheveux fatigués 400 ml";KLORANE
5009_0;'3282770148282;;'3282770148282;"Ducray Extra-Doux Dermo-protective shampoo Normal and delicate hair pump 400 ml";DUCRAY
5007_0;'3701129804780;;'3701129804780;"Bioderma Nodé P shampoing anti pelliculaire normalisant 400 ml";BIODERMA
5006_0;'3282770145250;;'3282770145250;"Klorane Organic Cornflower Shampoo - Gray, Blond Hair 400 ml";KLORANE
5003_0;'3282770389036;;'3282770389036;"Ducray Anacaps expert Chronic hair loss complete cure 3 months 90 Capsules";DUCRAY
5002_0;'3760302221349;;'3760302221349;"Lashilé Good Hair Vitamines Boost x60 gommes";"LASHILE BEAUTY"
4998_0;'3282770148961;;'3282770148961;"Ducray Extra-Doux Shampooing dermo-protecteur Cheveux normaux et délicats 2 x 400 ml";DUCRAY
4997_0;'4005800187728;;'4005800187728;"Elastoplast Pansements Disney La Reine des Neiges 2 20 pansements";ELASTOPLAST
4995_0;'3577056024368;;'3577056024368;"CICATRYL Crème Plaies - Ecorchures Boite x10";"FABRE SANTE"
4982_0;'3662361000814;;'3662361000814;"SVR Spirial Spray Vegetal 2 X 75ML";SVR
4981_0;'3522930003304;;'3522930003304;"Caudalie Vinofresh Natural Stick Deodorant - 50g";CAUDALIE
4980_0;'3273816023380;;'3273816023380;"Laino Alum Stone 75 g";LAINO
4967_0;'3059948003694;;'3059948003694;"Durex Play Hot Lubricant Gel 100ml";DUREX
4960_0;'3059948003663;;'3059948003663;"DUREX NUDE EXTRA LUBRIFIE x 8";DUREX
4958_0;'5038483238189;;'5038483238189;"Durex Play Gentle Massage Gel 200 ML";DUREX
4957_0;'3059948001447;;'3059948001447;"Durex Orgasm'Intense Stimulating Gel 10ml";DUREX
4955_0;'3059948003335;;'3059948003335;"DUREX Natural x 10";DUREX
4952_0;'3574661637846;;'3574661637846;"Neutrogena Hydration & Hygiene Hand Cream 50ml";NEUTROGENA
4951_0;'3282770072815;;'3282770072815;"Avène Cold Cream Concentrated nourishing and protective hand cream for dry and irritated hands 50ml";AVENE
4949_0;'3273816026695;;'3273816026695;"Crème mains Pro Intense Karité & Cire d'abeille 50ml";LAINO
4948_0;'3522930003274;;'3522930003274;"Caudalie Crème Mains Anti-taches Vinoperfect - 50 ml";CAUDALIE
4947_0;'3701129804193;;'3701129804193;"Bioderma Atoderm hands & nails, moisturizing cream for dry damaged hands 50 ml";BIODERMA
4944_0;'3331300097122;;'3331300097122;"Stérimar Blocked Nose 2 x 100ml";STERIMAR
4938_0;'3282770146271;;'3282770146271;"A-Derma Emollient Cleansing Oil 2 x 500ml";A-DERMA
4937_0;'3282770143423;;'3282770143423;"A-DERMA EXOMEGA OIL 500ML";A-DERMA
4936_0;'3433425375229;;'3433425375229;"La Roche-Posay LOT ECO-CONCU LIPIKAR SYNDET 400ML + ECO-RECHARGE 400ML";"LA ROCHE-POSAY"
4935_0;'3433425375267;;'3433425375267;"La Roche-Posay ECO-DESIGNED LOT LIPIKAR CLEANSING OIL AP+ 400ML + ECO-REFILL 400ML";"LA ROCHE-POSAY"
4934_0;'3596490002473;;'3596490002473;"Rogé Cavaillès Savon extra doux Surgras Actif 250 x 3 + 1 Offert";"ROGE CAVAILLES"
4933_0;'3282770146417;;'3282770146417;"A-Derma Exomega Control Gel Moussant Émollient Anti-Grattage Lot de 2 x 500 ml";A-DERMA
4932_0;'3662361002115;;'3662361002115;"SVR Topialyse Huile Lavante 1L";SVR
4931_0;'3662361002016;;'3662361002016;"SVR Topialyse Eco Recharge Huile Lavante 1L";SVR
4930_0;'3701056802170;;'3701056802170;"Puressentiel Organic Anti-Sping Roller 5ml";Puressentiel
4924_0;'4005800264306;;'4005800264306;"Eucerin Atopicontrol Anti-Itch Spray 50ml";EUCERIN
4919_0;'3701056802194;;'3701056802194;"Puressentiel Roller Répulsif Bébé Anti-Pique Bio 30 ml";Puressentiel
4909_0;'8720182101938;;'8720182101938;"Fluocaril Toothpaste Kids Bi-Fluorinated Strawberry Gel 2x50mg";FLUOCARIL
4908_0;'8710604763202;;'8710604763202;"Bi-fluoride toothpaste Gingiva 145mg 2x 75ml";FLUOCARIL
4906_0;'8710604763172;;'8710604763172;"Fluocaril Bi-Fluorinated Mint Toothpaste 2 x 75ml";FLUOCARIL
4905_0;'3577056017551;;'3577056017551;"ARTHRODONT PROTECT GEL Toothpaste 75ml";"FABRE DENTAIRE"
4903_0;'8710604763219;;'8710604763219;"Fluocaril Bi-Fluorinated Whitening Toothpaste 75ml";FLUOCARIL
4902_0;'3577056023071;;'3577056023071;"ELGYDIUM Brosses à dents BASIC Souple x 3";"FABRE DENTAIRE"
4901_0;'8001841715438;;'8001841715438;"Oral-B Sensitivity and Gums 75ml";ORAL-B
4900_0;'8710604763196;;'8710604763196;"Fluocaril bi-fluoride toothpaste sensitive teeth 2x 75ml";FLUOCARIL
4899_0;'8710604763189;;'8710604763189;"Mint whitening bi-fluoride toothpaste 2X75ml Fluocaril";FLUOCARIL
4898_0;'8710604763356;;'8710604763356;"Parogencyl Gum Prevention Toothpaste 2 x 75ml";Parongencyl
4896_0;'3282770144079;;'3282770144079;"A-DERMA SURGRAS Shower Gel 750ml";A-DERMA
4889_0;'3661434008771;;'3661434008771;"Uriage Cleansing Cream 1L";URIAGE
4888_0;'3577056024573;;'3577056024573;"Oral Care Arthrodont Classic Toothpaste 75ml";"FABRE DENTAIRE"
4885_0;'3522930003717;;'3522930003717;"Caudalie Thé des Vignes Crème Réparatrice Mains et Ongles 75 ml";CAUDALIE
4881_0;'3577056024719;;'3577056024719;"Arthrodont Classic Gingival Toothpaste 75ml x2";"FABRE DENTAIRE"
4879_0;'3337875816779;;'3337875816779;"La Roche-Posay Cicaplast Baume B5+ ultra-réparateur apaisant anti-marques 15ml";"LA ROCHE-POSAY"
4865_0;'3522930003939;;'3522930003939;"Caudalie Soleil des Vignes Fresh Water - 50 mL";CAUDALIE
4864_0;'3522930003878;;'3522930003878;"Caudalie Fleur de Vigne Eau Fraîche - 50 mL";CAUDALIE
4858_0;'3522930003908;;'3522930003908;"Caudalie Rose de Vigne Eau fraîche - 50 mL";CAUDALIE
4835_0;'3701056802217;;'3701056802217;"Puressentiel Organic Shea Plant Oil 100ml";Puressentiel
4830_0;'3264680024993;;'3264680024993;"Nuxe Organic Neroli Prodigious Oil 100ml";Nuxe
4828_0;'3701056802200;;'3701056802200;"Puressentiel Huile Végétale Coco Bio 100 ml";Puressentiel
4826_0;'3264680009754;;'3264680009754;"Nuxe Prodigious Oil 100ml";Nuxe
4823_0;'3522931003655;;'3522931003655;"Caudalie Vinosculpt Lift & Firming Balm - 250 mL";CAUDALIE
4822_0;'3522930003670;;'3522930003670;"Caudalie Vinosculpt Slimming Concentrate - 75 mL";CAUDALIE
4820_0;'4005900770042;;'4005900770042;"Eucerin Aquaphor Body Balm-Spray 250ml";EUCERIN
4816_0;'4005800287510;;'4005800287510;"Eucerin Hyaluron Filler + Elasticity Anti-Dark Spot And Anti-Aging Hand Cream Spf 30 75ml";EUCERIN
4815_0;'3661434007910;;'3661434007910;"Uriage Crème Multi-Action Age Protect 40ml";URIAGE
4811_0;'3522930003663;;'3522930003663;"Cadualie Vinosculpt Scrub Crushed Cabernet 225g";CAUDALIE
4809_0;'3522930003649;;'3522930003649;"Caudalie Vinotherapist Hyaluronic Nourishing Body Care 400 mL";CAUDALIE
4808_0;'3596200063916;;'3596200063916;"Weleda Skin Food Baume corps 150 ml";WELEDA
4807_0;'3596200062117;;'3596200062117;"Weleda Lait Corps Skin Food 200 ml";WELEDA
4806_0;'3337875763790;;'3337875763790;"La Roche-Posay Lipikar Baume AP+M Tube Eco Responsable 200ml";"LA ROCHE-POSAY"
4805_0;'3522930003618;;'3522930003618;"Caudalie Vinotherapist Hand and Nail Repair Cream 75ml";CAUDALIE
4801_0;'3662361001927;;'3662361001927;"SVR Topialyse Baume Protect+ 400ML";SVR
4800_0;'3701129802670;;'3701129802670;"Bioderma Atoderm Intensive Gel crème, crème anti démangeaison 500 ml";BIODERMA
4799_0;'3701129804711;;'3701129804711;"Bioderma Cicabio restorative hand cream for damaged skin 50 ml";BIODERMA
4795_0;'3662361002696;;'3662361002696;"SVR Xerial 30 Gel Creme 75ML";SVR
4793_0;'3701129805343;;'3701129805343;"Bioderma Atoderm Crème Ultra Soin quotidien hydratant ultra-nourrissant 500 ml";BIODERMA
4791_0;'3264680026263;;'3264680026263;"Nuxe Tasty Fragrant Water Dream of Honey 100ml";Nuxe
4789_0;'3282770146790;;'3282770146790;"Avène XeraCalm AD Lipid-Replenishing Cleansing Oil 400ml";AVENE
4787_0;'3701129804445;;'3701129804445;"Bioderma Créaline Défensive soothes and strengthens the self-defense power of the skin 40ml";BIODERMA
4774_0;'3337875816847;;'3337875816847;"La Roche-Posay Cicaplast Balm B5+ ultra-repairing soothing anti-marks 100ml";"LA ROCHE-POSAY"
4772_0;'3522930003700;;'3522930003700;"Caudalie Thé des Vignes Hyaluronic Nourishing Body Care - 400mL";CAUDALIE
4768_0;'3701129800096;;'3701129800096;"Bioderma Pigmentbio Sensitive Areas, crème éclairsissante visage et corps 75 ml";BIODERMA
4763_0;'3522931003228;;'3522931003228;"Caudalie Vinoperfect Anti-Dark Spot Radiance Cream - 50 ml";CAUDALIE
4761_0;'4005900916174;;'4005900916174;"Eucerin Anti-Pigment Tinted Day Care Light Spf 30 50ml";EUCERIN
4760_0;'4005800303647;;'4005800303647;"Eucerin Anti-Pigment Radiance Serum 30ml";EUCERIN
4759_0;'3337875734905;;'3337875734905;"Vichy Liftactiv B3 Serum for brown spots and wrinkles 30ml";VICHY
4758_0;'3337875757614;;'3337875757614;"La Roche-Posay Toleriane Dermallergo Crème 40ml";"LA ROCHE-POSAY"
4757_0;'3662361000982;;'3662361000982;"SVR Clairial Day 30ML";SVR
4753_0;'3282770144550;;'3282770144550;"Avène Couvrance Healthy Glow Mosaic Powder 10g";AVENE
4749_0;'3282770207255;;'3282770207255;"Avène Black High Definition Eye Pencil 0.3 g";AVENE
4746_0;'3662361001590;;'3662361001590;"SVR Sebiaclear Micropeel 150ML";SVR
4744_0;'3282770144970;;'3282770144970;"Avène Cleanance Comedomed localized pimples care 15ml";AVENE
4742_0;'3282770148763;;'3282770148763;"Avène Cicalfate+ Post-acting repair moisturizing care, post-tattoo 40 ml";AVENE
4741_0;'3662361001309;;'3662361001309;"SVR Cicavit Foaming Gel 200ML";SVR
4740_0;'3282770141320;;'3282770141320;"Ducray Keracnyl PP+ Emulsion traitante purifiante peaux à tendance acnéique 30 ml";DUCRAY
4739_0;'3282770205633;;'3282770205633;"Avène Cicalfate+ Repairing drying spray for sensitive and irritated skin 100ml";AVENE
4736_0;'3282770147346;;'3282770147346;"Klorane Aquatic Mint face Mask in stick ORGANIC 25 g";KLORANE
4730_0;'3661434008283;;'3661434008283;"Uriage Hyséac Purifying Peel-Off Mask 50ml";URIAGE
4728_0;'3282770145564;;'3282770145564;"Avène DermAbsolu Mask Fundamental mask cocooning anti-aging care 75ml";AVENE
4726_0;'3522930003472;;'3522930003472;"Caudalie Purifying Mask - 75 mL";CAUDALIE
4724_0;'3522930003380;;'3522930003380;"Caudalie Moisturizing Cream-Mask - 75 ml";CAUDALIE
4723_0;'3522930003236;;'3522930003236;"Caudalie Vinoperfect Dark Spot Glycolic Night Cream - 50ml";CAUDALIE
4716_0;'3522930003038;;'3522930003038;"Caudalie Gentle Exfoliating Cream - 75 mL";CAUDALIE
4715_0;'3661434008290;;'3661434008290;"Uriage Hyseac Serum New Skin 40ml";URIAGE
4713_0;'3282770152586;;'3282770152586;"Avène Les Essentiels Gentle exfoliating jelly 75ml";AVENE
4711_0;'3282770146585;;'3282770146585;"A-Derma Biology Dermatological Hydra-Cleansing Micellar Water 200ml";A-DERMA
4709_0;'3282770146530;;'3282770146530;"A-Derma Biology Hydra-cleansing dermatological cleansing milk 400ml";A-DERMA
4708_0;'3522930027812;;'3522930027812;"Caudalie Duo Mousse Nettoyante Fleur Vigne - 150mL";CAUDALIE
4704_0;'3701129804834;;'3701129804834;"Bioderma Crealine Foaming gel, micellar soothing face and eye cleanser for sensitive skin 500 ml";BIODERMA
4700_0;'3662361001255;;'3662361001255;"SVR Cicavit+ Levres 10G";SVR
4694_0;'3662361001903;;'3662361001903;"SVR Topialyse Stick Levres 4G";SVR
4693_0;'3282770149401;;'3282770149401;"Cold Cream Duo Stick Lèvres 2x4g";AVENE
4690_0;'3282770149418;;'3282770149418;"Avene Duo moisturizing lip stick 2x4g";AVENE
4688_0;'3522930003533;;'3522930003533;"Caudalie Premier Cru The Eye Cream 15ml";CAUDALIE
4687_0;'3522930003496;;'3522930003496;"Caudalie Anti-Fatigue Eye Care 15ml";CAUDALIE
4686_0;'3337872413735;;'3337872413735;"La Roche-Posay Pure Vitamin C Yeux anti-rides éclat à la vitamine C pure tube 15ml";"LA ROCHE-POSAY"
4685_0;'3662361001217;;'3662361001217;"SVR Refresh Yeux 15ML";SVR
4684_0;'3662361001224;;'3662361001224;"SVR Relax Yeux 15ML";SVR
4683_0;'3701129801963;;'3701129801963;"Bioderma Atoderm Intensive Eye, irritated eyelids 3in1 cream care 100ml";BIODERMA
4680_0;'3661434008481;;'3661434008481;"Uriage Tolederm Fresh Soothing Eye Care 15ml";URIAGE
4679_0;'3282779256438;;'3282779256438;"Klorane Cornflower Express smoothing and anti-fatigue eye patches with ORGANIC Cornflower Eye contour 7 x 2 patches";KLORANE
4676_0;'3662361001941;;'3662361001941;"SVR Densitium Cream 50 ML";SVR
4673_0;'3522930003557;;'3522930003557;"Caudalie Premier Cru The Cream 50ml";CAUDALIE
4671_0;'4005800294839;;'4005800294839;"Eucerin Hyaluron-Filler + 3X Effect Eye Contour Care Spf 15 15ml";EUCERIN
4667_0;'3337875719124;;'3337875719124;"Vichy Liftactiv Supreme Crème jour SPF30 50 ml";VICHY
4666_0;'3337875694469;;'3337875694469;"La Roche-Posay Rétinol B3 Sérum anti-rides au rétinol régénérant resurfaçant pipette 30ml";"LA ROCHE-POSAY"
4663_0;'4005800294808;;'4005800294808;"Eucerin Hyaluron-Filler + 3X Effect Night Care 50ml";EUCERIN
4661_0;'4005800294778;;'4005800294778;"Eucerin Hyaluron-Filler + 3X Effect Soin De Jour Peau Normale À Mixte Spf 15 50 ml";EUCERIN
4660_0;'3662361001187;;'3662361001187;"SVR [C20]Biotic 50ML";SVR
4659_0;'4005800294945;;'4005800294945;"Eucerin Hyaluron-Filler + 3X Effect Day Care All Skin Types Spf 30 50ml";EUCERIN
4656_0;'3662361001262;;'3662361001262;"SVR [Cera] Biotic 50ML";SVR
4655_0;'3662361001200;;'3662361001200;"SVR [Hyalu]Biotic 50ML";SVR
4653_0;'3350900001742;;'3350900001742;"Eau Active 100ml";"Laboratoires Embryolisse"
4650_0;'3282770146646;;'3282770146646;"A-Derma Biology Light moisturizing dermatological cream 40ml";A-DERMA
4646_0;'3701129802069;;'3701129802069;"Bioderma Atoderm Intensive Baume nourrissant anti-démangeaisons visage et corps 200 ml";BIODERMA
4645_0;'3282770146714;;'3282770146714;"A-Derma Biology Nutri Nutritive Dermatological Care 40ml";A-DERMA
4644_0;'3282770205589;;'3282770205589;"Avène Cleanance Women Smoothing night care for skin with imperfections 30ml";AVENE
4642_0;'3282770146677;;'3282770146677;"A-Derma Biology Calm Soothing Dermatological Care 40ml";A-DERMA
4641_0;'3522930003212;;'3522930003212;"Caudalie Grape Water 200ml";CAUDALIE
4640_0;'3282770141962;;'3282770141962;"ADERMA DERMALIBOUR CICA CREAM 100ml";A-DERMA
4638_0;'3282770141351;;'3282770141351;"Ducray Keracnyl Cleansing foaming gel purifying face oily skin 200 ml";DUCRAY
4631_0;'3282770141382;;'3282770141382;"Ducray Keracnyl Gel moussant nettoyant purifiant visage peau grasse 400 ml";DUCRAY
4628_0;'3282770139204;;'3282770139204;"Avène Cleanance Purifying mattifying cleansing gel combination, oily skin with imperfections or acne-prone skin 200ml";AVENE
4624_0;'3518646213151;;'3518646213151;"Bactidose Hand Hygiene Gel 75ml";GILBERT
4621_0;'3522930003854;;'3522930003854;"Caudalie Vine Sun Shower Gel 200ml";CAUDALIE
4614_0;'3701172200072;;'3701172200072;"Ovunol Fertility 30 Sachets";EFFIK
4608_0;'3577056020186;;'3577056020186;"Inava compact trio brush heads 1";INAVA
4607_0;'3700281703863;;'3700281703863;"Topicrem Pain Surgras Douceur 150 g";TOPICREM
4606_0;'3700281703955;;'3700281703955;"Topicrem Mela Pain Exfoliant Unifiant 150 g";TOPICREM
4605_0;'3596490005689;;'3596490005689;"Rogé Cavaillès Soin Naturel Toilette intime Petite Fille 250 ml";"ROGE CAVAILLES"
4593_0;'3282770203554;;'3282770203554;"Avène Antirougeurs Day Soothing Cream SPF30 - dry to very dry sensitive skin 40ml";AVENE
4592_0;'3282770203523;;'3282770203523;"Avène Antirougeurs Jour Soothing emulsion SPF30 normal to combination sensitive skin 40ml";AVENE
4591_0;'3661434012020;;'3661434012020;"Uriage Eau Thermale Radiance Water Essence 100ml";URIAGE
4590_0;'3337875693820;;'3337875693820;"La Roche-Posay Toleriane Ultra Dermallergo Sérum 20 ml";"LA ROCHE-POSAY"
4589_0;'3662361001316;;'3662361001316;"SVR Palpebral Eye Makeup Remover 125ML";SVR
4585_0;'3504105035563;;'3504105035563;"Mustela Baby Cleansing Milk 500ml";MUSTELA
4582_0;'3059948002413;;'3059948002413;"Durex Perfect Gliss Lubricant Gel 50ml";DUREX
4580_0;'3059948001935;;'3059948001935;"Durex Classic Jeans x 9";DUREX
4576_0;'3059948002741;;'3059948002741;"Durex Perfect Gliss x 10";DUREX
4575_0;'3059948002918;;'3059948002918;"Durex Nude XL x 8";DUREX
4572_0;'3059948002895;;'3059948002895;"Durex Comfort XXL x 10";DUREX
4566_0;'3614819998433;;'3614819998433;"Etiaxil Soin Déo-Douche 24h 200 ml";COOPER
4559_0;'3701056801517;;'3701056801517;"Puressentiel Hydrolat De Lavande Bio 200 ml";Puressentiel
4558_0;'3701056801470;;'3701056801470;"Puressentiel Hydrolat De Rose Bio 200 ml";Puressentiel
4539_0;'3401579333501;;'3401579333501;"Bioderma Nodé G Gentle purifying shampoo for oily scalp 400ml";BIODERMA
4537_0;'3282770206715;;'3282770206715;"Klorane Solaire After-sun sublimating cream with organic Tamanu and Monoï Face and body 200ml";KLORANE
4535_0;'3282770206531;;'3282770206531;"Klorane Solaire Sublime high protection sunscreen gel-cream SPF30 with ORGANIC Tamanu and Monoi Face and Body 200ml";KLORANE
4534_0;'3264680022067;;'3264680022067;"Nuxe Very Rose Huile Délicate Démaquillante 150 ml";Nuxe
4532_0;'3264680022074;;'3264680022074;"Nuxe Very Rose Lait Démaquillant Onctueux 200 ml";Nuxe
4531_0;'3264680022111;;'3264680022111;"Nuxe Very Rose Mousse Aérienne Nettoyante 150 ml";Nuxe
4530_0;'3264680022050;;'3264680022050;"Nuxe Very Rose Eau Micellaire Apaisante 3 en 1 400 ml";Nuxe
4528_0;'3264680022043;;'3264680022043;"Nuxe Very Rose Eau Micellaire Apaisante 3 en 1 200 ml";Nuxe
4525_0;'3337875734769;;'3337875734769;"Vichy Déodorant Minéral Tolérance Optimale 48h peau sensible et réactive aux sels d'aluminium bille 2x50ml";VICHY
4524_0;'3337875708937;;'3337875708937;"Vichy Déodorant Minéral Tolérance Optimale 48h peau sensible et réactive aux sels d'aluminium bille 50ml";VICHY
4518_0;'3701129800072;;'3701129800072;"Bioderma Pigmentbio Daily Care SPF50+, crème de jour anti uv 40 ml";BIODERMA
4517_0;'3701129801369;;'3701129801369;"Bioderma Sébium Night Peel, soin peeling doux anti-imperfections 40 ml";BIODERMA
4516_0;'5060072732501;;'5060072732501;"Actirub Nez & Gorge 15 Comprimés";"SANTE VERTE"
4514_0;'3700695221021;;'3700695221021;"Actirub Sirop Toux 150 ml";"SANTE VERTE"
4512_0;'3577056021954;;'3577056021954;"Eluday Bain De Bouche Protect 500 ml";"FABRE DENTAIRE"
4511_0;'3577056021947;;'3577056021947;"Eluday Bain De Bouche Intense 500 ml";"FABRE DENTAIRE"
4510_0;'3577056021930;;'3577056021930;"Eluday Bain De Bouche Care 500 ml";"FABRE DENTAIRE"
4509_0;'3577056021923;;'3577056021923;"Eluday Bain De Bouche Blancheur 500 ml";"FABRE DENTAIRE"
4506_0;'3282770204056;;'3282770204056;"Furterer Astera Sensitive Sérum Protecteur Anti-Pollution 75 ml";Furterer
4505_0;'3282770204001;;'3282770204001;"Furterer Astera Fresh Concentré Apaisant Fraîcheur 50 ml";Furterer
4504_0;'3662361001248;;'3662361001248;"SVR Sensifine Nutribaume 40ML";SVR
4503_0;'3662361001231;;'3662361001231;"SVR Sensifine Aqua Gel 40ML";SVR
4497_0;'3282770202120;;'3282770202120;"A-Derma Protect Crème Sans Parfum Spf 50+ 40 ml";A-DERMA
4496_0;'3282770202144;;'3282770202144;"A-Derma Protect Fluide Invisible Spf 50+ 40 ml";A-DERMA
4485_0;'3661434008139;;'3661434008139;"Uriage Bébé 1er Baume Oléo-Apaisant Anti-Grattage 200 ml";URIAGE
4484_0;'3661434008146;;'3661434008146;"Uriage Bébé 1ère Huile Lavante 500 ml";URIAGE
4483_0;'3041091511775;;'3041091511775;"Gallia Galliagest Premium 2 800 g";Gallia
4482_0;'3577056019425;;'3577056019425;"Elgydium Repair Gel Buccal 15 ml";"FABRE DENTAIRE"
4481_0;'3577056021022;;'3577056021022;"Elgydium Premières Dents 15 ml";"FABRE DENTAIRE"
4479_0;'3700225602610;;'3700225602610;"Pediakid Phytovermil 125 ml";Pediakid
4472_0;'3596207257608;;'3596207257608;"Weleda Duo Detox Bouleau Bio 2 x 250 ml";WELEDA
4468_0;'7640107850462;;'7640107850462;"AudiSpray Ultra 20 ml";COOPER
4464_0;'3760095251899;;'3760095251899;"Dépiwhite.M Crème Protectrice Spf50+ 40 ml";ACM
4458_0;'3664798027914;;'3664798027914;"Microbiosys Défenses Immunitaires 12 Sachets";SANOFI
4456_0;'3578835500608;;'3578835500608;"Arkopharma Arkogélules Spiruline Bio x 45";ARKOPHARMA
4449_0;'5411386890614;;'5411386890614;"Ortis Fruits & Fibres Regular Transit Intestinal Programme 24 Cubes";Ortis
4437_0;'3518646028311;;'3518646028311;"Laino Soin Des Lèvres Figue Rose Nacré 4 g";LAINO
4435_0;'3596200976056;;'3596200976056;"Weleda Huile De Massage Vergetures 2 x 100 ml";WELEDA
4430_0;'3282770203028;;'3282770203028;"Ducray Dexyane Huile lavante protectrice 400 ml";DUCRAY
4423_0;'3094905542755;;'3094905542755;"Sensodyne Dentifrice Sensibilité & Gencives Menthe Fraîche 2 x 75ml";SENSODYNE
4422_0;'3337875696548;;'3337875696548;"La Roche-Posay Lipikar Baume AP+M relipidant anti-grattage 400ml";"LA ROCHE-POSAY"
4409_0;'3701172200058;;'3701172200058;"Gynéfam Supra Allaitement 60 Capsules";EFFIK
4398_0;'3338220100758;;'3338220100758;"Phyto Specific Shampooing Hydratation Riche 250 ml";PHYTO
4391_0;'3504105034344;;'3504105034344;"Mustela Crème Hydratante Bio 150 ml";MUSTELA
4389_0;'3504105034351;;'3504105034351;"Mustela Gel Lavant Bio 400 ml";MUSTELA
4382_0;'3264680022104;;'3264680022104;"Nuxe Very Rose Radiance Peeling Lotion 150ml";Nuxe
4378_0;'3572731202123;;'3572731202123;"Modilac Expert AR 2 6-36 Months 800g";Modilac
4377_0;'3572731202116;;'3572731202116;"Modilac Expert AR 1 0-6 Months 800g";Modilac
4376_0;'3577056022173;;'3577056022173;"Dexeryl Essentiel Lait Riche Nourrissant 500 ml";"FABRE SANTE"
4375_0;'3041091461261;;'3041091461261;"Gallia Calisma Relay 2 6-12 months 800g";Gallia
4374_0;'3041091461254;;'3041091461254;"Gallia Calisma Relais 1 Milk From 0 to 6 Months 800g";Gallia
4372_0;'3700221329566;;'3700221329566;"Forte Pharma Forté Nuit 8h 30 Comprimés";"FORTE PHARMA"
4370_0;'3041091461308;;'3041091461308;"Gallia Calisma 2 Milk 6-12 Months 800g";Gallia
4369_0;'3041091461292;;'3041091461292;"Gallia Calisma 1 Milk 0 to 6 Months 800g";Gallia
4367_0;'3574661450599;;'3574661450599;"Neutrogena T/Gel Shampooing Antipelliculaire - Pellicules Sèches 250 ml";NEUTROGENA
4363_0;'3041091478122;;'3041091478122;"Gallia Calisma 1 Organic 800g";Gallia
4362_0;'3041091478146;;'3041091478146;"Gallia Calisma 3 Growth Organic 800g";Gallia
4361_0;'3041091478160;;'3041091478160;"Gallia Calisma 2 Organic 800g";Gallia
4348_0;'8718951160224;;'8718951160224;"Elmex Sensitive Dental Solution 400ml";ELMEX
4344_0;'3700399100714;;'3700399100714;"MucoGyne Ovules Intimes Non Hormonaux x 10";IPRAD
4315_0;'3282770114201;;'3282770114201;"Avène XeraCalm A.D Concentré apaisant SOS peaux très sèches sujettes à l'eczéma atopique et aux démangeaisons 50ml";AVENE
4314_0;'3700399100653;;'3700399100653;"Saforelle Intimate Soothing Cream 100ml";SAFORELLE
4313_0;'3700399100615;;'3700399100615;"Saforelle Intimate Soothing Cream 40ml";SAFORELLE
4312_0;'3282770203721;;'3282770203721;"A-Derma XeraConfort Nourishing Cream 200ml";A-DERMA
4310_0;'3282770202786;;'3282770202786;"A-Derma XeraConfort Cleansing Cream 200ml";A-DERMA
4308_0;'3338221003850;;'3338221003850;"Phyto Volume Volumizing Jelly Mask 150ml";PHYTO
4300_0;'3540550009483;;'3540550009483;"Filorga Global-Repair Crème Nutri-Jeunesse 50 ml";Filorga
4288_0;'3662361000401;;'3662361000401;"SVR Ampoule [C] 30ML";SVR
4271_0;'3504105033897;;'3504105033897;"Mustela Maternité Crème Vergetures Sans Parfum 150 ml";MUSTELA
4267_0;'8713304952211;;'8713304952211;"Oenobiol Instant Wrinkle Corrector By Remescar 8ml";OENOBIOL
4259_0;'3337875673273;;'3337875673273;"La Roche-Posay Hyalu B5 Rich anti-wrinkle care with hyaluronic acid T40ml";"LA ROCHE-POSAY"
4257_0;'3282770208245;;'3282770208245;"Avène A-Oxitive Night Anti-Aging Peeling Care 30ml";AVENE
4255_0;'3282770208177;;'3282770208177;"Avène A-Oxitive Anti-Aging Antioxidant Defense Serum 30ml";AVENE
4246_0;'3282770209648;;'3282770209648;"A-Derma Cutalgan 100ml";A-DERMA
4245_0;'3264680019159;;'3264680019159;"Nuxe Rêve de Miel Ultra-Comforting Face Balm 50ml";Nuxe
4234_0;'3662361000999;;'3662361000999;"SVR Clairial Nightpeel 50ML";SVR
4233_0;'3662361000890;;'3662361000890;"SVR Sebiaclear Active Teinte 40ML";SVR
4232_0;'3700399100530;;'3700399100530;"ThalaMAG Replenishing Marine Plasma 20 Phials";IPRAD
4231_0;'3700399100608;;'3700399100608;"ThalaMAG Physical And Mental Fitness 60 Capsules";IPRAD
4229_0;'3700399100622;;'3700399100622;"ThalaMAG Physical And Mental Fitness 2 x 60 Capsules";IPRAD
4226_0;'3518646028366;;'3518646028366;"Laino Lip Care Vanilla Scent 4g";LAINO
4225_0;'3518646028373;;'3518646028373;"Laino Lip Care Apple Scent 4g";LAINO
4224_0;'3518646028328;;'3518646028328;"Laino Glitter Lip Care Grenadine Scent 4g";LAINO
4221_0;'3518646028359;;'3518646028359;"Laino Glitter Lip Care Blackcurrant Scent 4g";LAINO
4216_0;'3701129800225;;'3701129800225;"Bioderma Cicabio Lotion Spray, drying spray and repairing care 40 ml";BIODERMA
4214_0;'3282779390132;;'3282779390132;"Avene Hydrance Rich Moisturizing Cream 40ml";AVENE
4207_0;'3282770203493;;'3282770203493;"Avène Hydrance Aqua gel-crème hydratante 50ml";AVENE
4206_0;'3282770208795;;'3282770208795;"Avène Hydrance UV Riche Crème hydratante 40ml";AVENE
4205_0;'3282770208788;;'3282770208788;"Avène Hydrance Légère Émulsion hydratante 40ml";AVENE
4204_0;'3282770208771;;'3282770208771;"Avène Hydrance BB-Light Tinted moisturizing emulsion with natural healthy glow effect 40ml";AVENE
4203_0;'3282770208764;;'3282770208764;"Avène Hydrance BB-Riche Crème hydratante teintée -effet bonne mine naturel 40ml";AVENE
4196_0;'3282770204155;;'3282770204155;"Klorane Cornflower Cleansing Micellar Water with Organic Cornflower Face, Eyes, Lips 100ml";KLORANE
4184_0;'3664492000060;;'3664492000060;"Humer Nose/Throat Day Night 15 Tablets";URGO
4179_0;'3664492000183;;'3664492000183;"GOVital Mela-Sleep 30 Capsules";URGO
4177_0;'3664492000305;;'3664492000305;"Alvityl Boost Tablets x 20";URGO
4176_0;'4005900599988;;'4005900599988;"Eucerin Ph5 Huile De Douche 100 ml";EUCERIN
4165_0;'3664492000114;;'3664492000114;"Urgo Spécial Visage 20 Pansements";URGO
4164_0;'3664492000718;;'3664492000718;"Urgo Extensible Protective Bandage x 60";URGO
4156_0;'3664492021881;;'3664492021881;"Urgo Canker Sores & Small Mouth Sores 6ml";URGO
4155_0;'3664492000763;;'3664492000763;"Urgo Résitant Strip to Cut 1 mx 8 cm";URGO
4142_0;'3577056017957;;'3577056017957;"Inava Dental Picks x 36";INAVA
4141_0;'3577056020582;;'3577056020582;"Elgydium Multi-Action Toothpaste Gel 75ml";"FABRE DENTAIRE"
4134_0;'3614819997047;;'3614819997047;"Etiaxil Men Déodorant Aérosol 2 x 150 ml";COOPER
4121_0;'3662361001026;;'3662361001026;"SVR Cicavit+ Cream Spf50+ 40ML";SVR
4117_0;'3264680016028;;'3264680016028;"Nuxe Insta-Masque Purifying + Smoothing Mask 50ml";Nuxe
4112_0;'3401521069908;;'3401521069908;"Coalgan Poudre 8 g";Ides
4111_0;'3282770209938;;'3282770209938;"Avène Les Essentiels Soothing Radiance Mask 50ml";AVENE
4109_0;'3282770209396;;'3282770209396;"Avène Les Essentiels Crème nutritive revitalisante riche peaux très sèches 50ml";AVENE
4108_0;'3282770209402;;'3282770209402;"Avène Les Essentiels Revitalizing nourishing cream for dry skin 50ml";AVENE
4107_0;'3401521069847;;'3401521069847;"Coalgan Adhesive 12 plasters";Ides
4098_0;'3041091339911;;'3041091339911;"Blédina Blédine Cocoa Cereals From 6 Months 400g";Gallia
4086_0;'3701129800836;;'3701129800836;"Bioderma Créaline foaming, gentle cleansing gel sensitive skin 100ml";BIODERMA
4061_0;'3700399100417;;'3700399100417;"Saforelle Fresh Cleansing Care 100ml";SAFORELLE
4060_0;'3700399100356;;'3700399100356;"Saforelle FlorGYNelle Crème Protectrice 15 ml";SAFORELLE
4052_0;'8718951253353;;'8718951253353;"Meridol Pur Dentifrice 2 x 75 ml";MERIDOL
4051_0;'8718951221406;;'8718951221406;"Meridol Pur Dentifrice 75 ml";MERIDOL
4040_0;'3338221003263;;'3338221003263;"Phyto PhytoDetox Anti-Odor Refreshing Spray 150ml";PHYTO
4039_0;'3338221003287;;'3338221003287;"Phyto PhytoDetox Pre-Shampoo Purifying Mask 125ml";PHYTO
4037_0;'3337875588348;;'3337875588348;"La Roche-Posay Toleriane Sensitve Riche 40 ml";"LA ROCHE-POSAY"
4033_0;'3532678587752;;'3532678587752;"Magnien Tick Remover x 3";Biosynex
4031_0;'3532678588650;;'3532678588650;"Exacto Test Gluten x 1";Exacto
4024_0;'4005800213014;;'4005800213014;"Eucerin Anti-Pigment Soin De Jour 50 ml";EUCERIN
4023_0;'4005800210617;;'4005800210617;"Eucerin Anti-Pigment Serum Duo 30ml";EUCERIN
4022_0;'4005800213113;;'4005800213113;"Eucerin Anti-Pigment Correcteur De Taches 5 ml";EUCERIN
4021_0;'3337875660570;;'3337875660570;"La Roche-Posay Pure Vitamin C10 Anti-Wrinkle Radiance Serum 30ml";"LA ROCHE-POSAY"
4010_0;'3661434007835;;'3661434007835;"Uriage Water Jelly 40ml";URIAGE
3978_0;'3264680015960;;'3264680015960;"Nuxe Crème Prodigieuse Boost 5-in-1 Multi-Perfection Smoothing Primer 30ml";Nuxe
3974_0;'3578835501995;;'3578835501995;"Arkopharma Arkorelax Strong Sleep 8h 30 Tablets";ARKOPHARMA
3971_0;'3662361000630;;'3662361000630;"SVR Sensifine Masque 50ML";SVR
3966_0;'3282770209983;;'3282770209983;"Klorane Purifying Mist with Aquatic Mint 100ml";KLORANE
3962_0;'3282770202373;;'3282770202373;"Klorane Protective Detox Balm with ORGANIC Aquatic Mint Hair exposed to pollution 150ml";KLORANE
3959_0;'4015600769734;;'4015600769734;"Clearblue Advanced Digital Ovulation Test x 10";Clearblue
3956_0;'8001090039538;;'8001090039538;"Clearblue Early Detection Pregnancy Test x 1";Clearblue
3953_0;'5011321693302;;'5011321693302;"Clearblue Pregnancy Test With Pregnancy Age Estimator x 1";Clearblue
3938_0;'3282770202106;;'3282770202106;"Avène - Sunscreen - Children's milk SPF 50+ 250ml";AVENE
3937_0;'3282770100617;;'3282770100617;"Avène - Sun - Spray SPF 50+ 200ml";AVENE
3936_0;'3282770101362;;'3282770101362;"Avène - Solaire - Fluide sport SPF 50+ 100ml";AVENE
3935_0;'3282770202113;;'3282770202113;"Avène - Sun - Milk SPF 50+ 100ml";AVENE
3934_0;'3282770100914;;'3282770100914;"Avène - Solaire - B-Protect soin bonne mine SPF 50+ - peaux sensibles 30ml";AVENE
3913_0;'3701172200010;;'3701172200010;"Gynefam Supra 30 Capsules";EFFIK
3912_0;'3701172200027;;'3701172200027;"Gynefam Supra XL 90 Capsules";EFFIK
3909_0;'3401553606027;;'3401553606027;"BeroccaBoost Comprimés Effervescents x 20";BEROCCA
3904_0;'3532678551647;;'3532678551647;"Exacto HIV Test x 1";Exacto
3894_0;'7630019904681;;'7630019904681;"G.U.M Trav-Ler Brossette Interdentaire 9 Tailles";GUM
3893_0;'7630019903288;;'7630019903288;"G.U.M Soft-Picks Comfort Flex Bâtonnets Interdentaires Médium x 40";GUM
3886_0;'3700399100066;;'3700399100066;"Myleuca Solution Lavante 200 ml";IPRAD
3885_0;'3700399100059;;'3700399100059;"Myleuca Solution Lavante 100 ml";IPRAD
3882_0;'9001616709333;;'9001616709333;"MAM Nipple Shields Size S x 2";MAM
3868_0;'9001616698163;;'9001616698163;"MAM Biberon Easy Active 6m+ 330 ml Rose";MAM
3851_0;'3577056019739;;'3577056019739;"Elgydium Clinic Erosion Protection Toothpaste 75 ml";"FABRE DENTAIRE"
3849_0;'5054563022530;;'5054563022530;"Polident Crème Fixative Pour Appareils Dentaire Fixation Forte 40 g";Polident
3847_0;'5054563022967;;'5054563022967;"Polident Cleaner For Braces Or Dental Prostheses Total Action 66 Tablets";Polident
3846_0;'5054563023018;;'5054563023018;"Polident Cleaner For Braces Or Dentures 3 Minutes 66 Tablets";Polident
3842_0;'3596200077579;;'3596200077579;"Weleda Skin Food Baume Lèvres 8 ml";WELEDA
3841_0;'3596200077555;;'3596200077555;"Weleda Skin Food Soin nourrissant Texture légère 30 ml";WELEDA
3840_0;'3596200077531;;'3596200077531;"Weleda Skin Food Repairing Care 30ml";WELEDA
3833_0;'5054563042675;;'5054563042675;"Parodontax Complete Protection 2 x 75ml";PARODONTAX
3831_0;'5054563041555;;'5054563041555;"Parodontax Complete Protection 75ml";PARODONTAX
3830_0;'5054563015648;;'5054563015648;"Parodontax Intense Freshness Toothpaste 2 x 75ml";PARODONTAX
3829_0;'3094904501173;;'3094904501173;"Parodontax Whitening Toothpaste 2 x 75ml";PARODONTAX
3828_0;'3094904500893;;'3094904500893;"Parodontax Whitening Toothpaste 75ml";PARODONTAX
3827_0;'3094904242144;;'3094904242144;"Parodontax Mouthwash 500ml";PARODONTAX
3824_0;'3532678588063;;'3532678588063;"Superwhite Black Whitening Toothpaste With Activated Charcoal 75ml";Superwhite
3795_0;'3264680015922;;'3264680015922;"Nuxe Nuxuriance Gold Light Eye Balm 15ml";Nuxe
3794_0;'3264680015915;;'3264680015915;"Nuxe Nuxuriance Gold Nutri-Fortifying Night Balm 50ml";Nuxe
3792_0;'3264680015939;;'3264680015939;"Nuxe Nuxuriance Gold Nutri-Revitalizing Serum 30ml";Nuxe
3782_0;'3664798011050;;'3664798011050;"Novanuit Triple Action 30 Capsules";SANOFI
3761_0;'3338221002907;;'3338221002907;"Phyto Phytocolor Color Protective Mask 150ml";PHYTO
3753_0;'3700399100387;;'3700399100387;"Saforelle Ultra Absorbent Period Panties Size S";SAFORELLE
3723_0;'3282770200478;;'3282770200478;"Avène DermAbsolu Nuit Baume nuit réconfortant régènérant et nourrissant anti-âge 40ml";AVENE
3722_0;'3282770200515;;'3282770200515;"Avène DermAbsolu Jour Redensifying fundamental day cream oval face anti-aging 40ml";AVENE
3720_0;'3578835501780;;'3578835501780;"Arkopharma Arkocaps Turmeric Piperine x 130";ARKOPHARMA
3712_0;'3700399100332;;'3700399100332;"Saforelle Coton Protect Tampons Avec Applicateur Bio Super x 14";SAFORELLE
3711_0;'3700399100318;;'3700399100318;"Saforelle Cotton Protec Organic Pocket Panty Liners x 24";SAFORELLE
3709_0;'8718951188235;;'8718951188235;"Elmex Anti-Caries Toothbrush Ultra Soft x 2";ELMEX
3698_0;'3059949932733;;'3059949932733;"Scholl Activ Gel Bottes Et Bottines";SCHOLL
3696_0;'3700111400016;;'3700111400016;"Gyndelta Flash 10 Gélules";"Laboratoire CCD"
3685_0;'3515834814213;;'3515834814213;"Netline Body Depilatory Wax Strips x 20";"Laboratoire CCD"
3684_0;'3515834814206;;'3515834814206;"Netline Bandes De Cire Dépilatoires Visage x 20";"Laboratoire CCD"
3680_0;'3596200795800;;'3596200795800;"Weleda Brumessence Vitality 50ml";WELEDA
3678_0;'3596200795701;;'3596200795701;"Weleda Brumessence Relaxation 50ml";WELEDA
3677_0;'3760155211894;;'3760155211894;"Granions Collagène 60 Comprimés";Granions
3673_0;'3661434006968;;'3661434006968;"Uriage Xémose Oleo-Soothing Anti-Itching Balm 500ml";URIAGE
3671_0;'3282770114195;;'3282770114195;"Avène XeraCalm A.D Crème relipidante peaux très sèches sujettes à l'eczéma atopique et aux démangeaisons 400ml";AVENE
3663_0;'3338221002426;;'3338221002426;"Phyto Phytocolor Permanent Color 7.3 Golden Blonde";PHYTO
3659_0;'3338221002648;;'3338221002648;"Phyto Phytocolor Permanent Color 6 Dark Blonde";PHYTO
3644_0;'3760007335136;;'3760007335136;"Luxéol Growth Serum 50ml";Luxéol
3638_0;'3282770114362;;'3282770114362;"Furterer Okara Silver Radiance Care Balm 150ml";Furterer
3636_0;'3282770114485;;'3282770114485;"Furterer Okara Blond Radiance Detangling Balm 150ml";Furterer
3634_0;'3282770114515;;'3282770114515;"Furterer Okara Color Color Protective Care Mask 100ml";Furterer
3633_0;'3282770114522;;'3282770114522;"Furterer Okara Color Color Protective Care Mask 200ml";Furterer
3621_0;'3525722022316;;'3525722022316;"Color & Soin 7GC Golden Blonde Copper";"LES 3 CHENES"
3620_0;'3525722022293;;'3525722022293;"Color & Soin 4G Golden Chestnut";"LES 3 CHENES"
3619_0;'3525722022309;;'3525722022309;"Color & Soin 6A Dark Ash Blonde";"LES 3 CHENES"
3618_0;'3264680015830;;'3264680015830;"Nuxe Crème prodigious boost Multi-correction gel cream 40ml";Nuxe
3615_0;'3264680015854;;'3264680015854;"Nuxe Crème prodigious boost Night recovery oil-balm 50ml";Nuxe
3614_0;'3662361000364;;'3662361000364;"SVR Sebiaclear Serum 30ML";SVR
3612_0;'3700763535708;;'3700763535708;"Biostime 2nd Age Organic Follow-on Milk 6 to 12 Months 800g";Biostime
3607_0;'3770010885054;;'3770010885054;"Taido MenoActiv 60 Capsules";Taïdo
3598_0;'8711744047962;;'8711744047962;"Valdispert Melatonin 1.9mg 4 Actions 30 Capsules";Valdispert
3597_0;'3337875613668;;'3337875613668;"La Roche-Posay Hyalu B5 Anti-wrinkle eyes with hyaluronic acid 15ml";"LA ROCHE-POSAY"
3596_0;'3337872418778;;'3337872418778;"La Roche-Posay Lipikar Gel Lavant Protecteur 200 ML";"LA ROCHE-POSAY"
3593_0;'3282770200027;;'3282770200027;"Klorane Bébé Poudre de toilette protectrice au Calendula apaisant Peau normale 100gr";KLORANE
3592_0;'3282770200058;;'3282770200058;"Klorane Baby Nappy Change Spray Eryteal 3 in 1 Nappy Change 75ml";KLORANE
3591_0;'3282770200034;;'3282770200034;"Klorane Baby Ointment change Eryteal 3 in 1 with Calendula soothing Change Seat 75gr";KLORANE
3588_0;'3282770104882;;'3282770104882;"Klorane Baby Fresh water scented with Calendula soothing Normal skin 500ml";KLORANE
3587_0;'3282770103427;;'3282770103427;"Klorane Baby Calendula Cleansing Water Soothing Normal Skin 500ml";KLORANE
3585_0;'3282779327060;;'3282779327060;"Klorane Baby Nourishing Cream with Cold Cream and Calendula - Dry and very dry skin 40ml";KLORANE
3584_0;'3282770209587;;'3282770209587;"Klorane Bébé Gentle cleansing gel with soothing Calendula Body and hair Normal skin 2 x 500ml";KLORANE
3583_0;'3282770104936;;'3282770104936;"Klorane Bébé Gentle cleansing gel with soothing Calendula Body and hair Normal skin 200ml";KLORANE
3582_0;'3282770113105;;'3282770113105;"Klorane Baby Moisturizing Cream with Calendula soothing Normal to dry skin 40ml";KLORANE
3581_0;'3282770104981;;'3282770104981;"Klorane Bébé Cold Cream Cleansing Cream with Calendula Baby Body and Hair Dry and Very Dry Skin 500ml";KLORANE
3579_0;'3661434005923;;'3661434005923;"Uriage Xémose Huile Lavante Apaisante 500 ml";URIAGE
3578_0;'3337875613491;;'3337875613491;"La Roche-Posay Effaclar K (+) Anti-blackhead face care for acne-prone skin 40ml";"LA ROCHE-POSAY"
3566_0;'3700343901718;;'3700343901718;"Saugella Cotton Touch Serviettes Maternité x 10";SAUGELLA
3565_0;'3664492000121;;'3664492000121;"GoVital Veino-Draine 30 Gélules";URGO
3560_0;'3282770111088;;'3282770111088;"Ducray Densiage Shampooing redensifiant volume et souplesse cheveux 200 ml";DUCRAY
3552_0;'3664492000046;;'3664492000046;"Alvityl Vitalité 60 Gommes";URGO
3551_0;'3664391000109;;'3664391000109;"Organic Calmosine Sleep 14 Pods of 10ml";Laudavie
3550_0;'3664391000000;;'3664391000000;"Calmosine Breastfeeding 14 Pods of 10ml";Laudavie
3528_0;'3577056018930;;'3577056018930;"Dexeryl Specific Gel-Cream 50g";"FABRE SANTE"
3516_0;'3094905532596;;'3094905532596;"ProRhinel Nasal Spray Infants 2 x 100ml";PRORHINEL
3497_0;'3614819990635;;'3614819990635;"Etiaxil Déodorant Douceur 48H aéorosol 150 ml";COOPER
3493_0;'4005900467379;;'4005900467379;"Eucerin Hyaluron Filler + Volume Lift Contour Des Yeux Spf 15 15 ml";EUCERIN
3492_0;'4005900467416;;'4005900467416;"Eucerin Hyaluron Filler + Volume Lift Day Care Dry Skin Spf 15 50ml";EUCERIN
3491_0;'4005900467294;;'4005900467294;"Eucerin Hyaluron Filler + Volume Lift Day Care Normal To Combination Skin Spf 15 50ml";EUCERIN
3490_0;'4005900467331;;'4005900467331;"Eucerin Hyaluron Filler + Volume Lift Soin De Nuit 50 ml";EUCERIN
3479_0;'3661434006548;;'3661434006548;"Uriage Bariéderm Cica-Cream Spf 50+ 40ml";URIAGE
3466_0;'3700399100080;;'3700399100080;"Saforelle Gentle Cleansing Care 1L";SAFORELLE
3461_0;'3701129800041;;'3701129800041;"Bioderma Créaline Gel Moussant nettoyant visage doux peaux sensibles à intolérantes 200 ml";BIODERMA
3459_0;'3282770073126;;'3282770073126;"Avène Les Essentiels Démaquillant yeux intense waterproof yeux sensibles et porteurs de lentilles 125ml";AVENE
3454_0;'3282770114669;;'3282770114669;"Avène - Solar - Satin mist SPF 30 - face and body 150ml";AVENE
3450_0;'3760007330438;;'3760007330438;"Anaca 3 Night Slimming Shorty S/M Black";"Anaca 3"
3444_0;'3337875597210;;'3337875597210;"CeraVe Moisturizing Milk 236ml";CeraVe
3443_0;'3337875597395;;'3337875597395;"CeraVe Moisturizing Milk 473ml";CeraVe
3442_0;'3337875597296;;'3337875597296;"CeraVe SA Regenerating Foot Cream 88ml";CeraVe
3441_0;'3337875597272;;'3337875597272;"CeraVe Repairing Eye Contour Cream 14ml";CeraVe
3439_0;'3337875597449;;'3337875597449;"CeraVe Moisturizing Face Cream 52ml";CeraVe
3437_0;'3337875597357;;'3337875597357;"CeraVe Foaming Gel 473ml";CeraVe
3436_0;'3337875597197;;'3337875597197;"CeraVe Foaming Gel 236ml";CeraVe
3434_0;'3337875597333;;'3337875597333;"CeraVe Moisturizing Cleansing Cream 473ml";CeraVe
3433_0;'3337875597180;;'3337875597180;"CeraVe Moisturizing Cleansing Cream 236ml";CeraVe
3432_0;'3337875597371;;'3337875597371;"CeraVe Moisturizing Balm 50ml";CeraVe
3431_0;'3337875597388;;'3337875597388;"CeraVe Moisturizing Balm 454g";CeraVe
3430_0;'3337875598996;;'3337875598996;"CeraVe Baume Hydratant 177 ml";CeraVe
3429_0;'3508240003364;;'3508240003364;"Lierac Supra Radiance Eye Radiance Serum 15ml";Lierac
3427_0;'3508240003326;;'3508240003326;"Lierac Supra Radiance Renovating Detox Night Cream 50ml";Lierac
3423_0;'3701056800107;;'3701056800107;"Puressentiel Anti-Pique Bébé Crème Multi-Apaisante 30 ml";Puressentiel
3400_0;'3282770108712;;'3282770108712;"A-Derma Dermalibour+ ""Barrier"" Protective Cream 50ml";A-DERMA
3399_0;'3282770108729;;'3282770108729;"A-Derma Dermalibour+ ""Barrier"" Protective Cream 100ml";A-DERMA
3387_0;'3337875588225;;'3337875588225;"Vichy Aqualia thermal crème réhydratante riche 50ml";VICHY
3381_0;'3662361000043;;'3662361000043;"SVR Ak Secure DM Protect 50Ml";SVR
3360_0;'8002410065497;;'8002410065497;"Somatoline Cosmetic Natural Slimming 250ml";SOMATOLINE
3359_0;'8002410065503;;'8002410065503;"Somatoline Slimming Ultra Intensive Fresh Gel 7 Nights 400ml";SOMATOLINE
3356_0;'3540550008288;;'3540550008288;"Filorga Lift-Designer Intensive Tightening Ultra-Lifting Serum 30ml";Filorga
3337_0;'3662361000098;;'3662361000098;"SVR Spirial Deo Shower 200ML";SVR
3321_0;'3282770109238;;'3282770109238;"Ducray Ictyane hydra Light moisturizing cream for dry skin face 40 ml";DUCRAY
3320_0;'3282770073683;;'3282770073683;"Ducray Anaphase Soin après-shampooing fortifiant Antichute 200 ml";DUCRAY
3318_0;'3282770050158;;'3282770050158;"Avène Couvrance Fond de teint correcteur unifiant fluide Doré N°4.5 peaux dorées 30ml";AVENE
3316_0;'3282770100549;;'3282770100549;"Avène Couvrance Fond de teint correcteur unifiant fluide Sable N°3.0 peaux claires à dorées 30ml";AVENE
3315_0;'3282770050141;;'3282770050141;"Avène Couvrance Fond de teint correcteur unifiant fluide Beige N°2.5 peaux claires 30ml";AVENE
3314_0;'3282770100532;;'3282770100532;"Avène Couvrance Fond de teint correcteur unifiant fluide Naturel N°2.0 peaux claires 30ml";AVENE
3313_0;'3282770100525;;'3282770100525;"Avène Couvrance Porcelaine fluid unifying corrective foundation N°1.0 very light skin 30ml";AVENE
3291_0;'3518646124051;;'3518646124051;"Physiolac Céréales Bio 200 g";Physiolac
3289_0;'3518646123634;;'3518646123634;"Physiolac 1 Bio AR 0 to 6 Months 800g";Physiolac
3288_0;'3518646123641;;'3518646123641;"Physiolac 2 Bio AR 6 to 12 Months 800g";Physiolac
3287_0;'3518646124174;;'3518646124174;"Physiolac 2 Organic 6 to 12 Months 800g";Physiolac
3285_0;'3518646124167;;'3518646124167;"Physiolac 1 Organic 0 to 6 Months 800g";Physiolac
3283_0;'7613033039041;;'7613033039041;"Pre Guigoz Expert Premature Newborns 400g";Guigoz
3279_0;'7613035124080;;'7613035124080;"Guigoz 3 Growth Fibers From 1 to 3 Years 800g";Guigoz
3274_0;'3041096841648;;'3041096841648;"Gallia 3 Galliagest Growth From 12 Months to 3 Years 800g";Gallia
3273_0;'3041091511768;;'3041091511768;"Gallia 1 Galliagest Premium From 0 to 6 Months 800g";Gallia
3272_0;'3041096667842;;'3041096667842;"Gallia 3 Calisma Croissance Lait De 12 Mois à 3 Ans 800 g";Gallia
3270_0;'3041091477156;;'3041091477156;"Gallia 2 Calisma Milk 6 to 12 Months 3 Sachets of 400 g";Gallia
3269_0;'3041091477163;;'3041091477163;"Milk powder 0 to 6 Months 2 x 600 gr Gallia Calisma 1";Gallia
3268_0;'3041091470263;;'3041091470263;"Gallia Baby Expert Pre-Gallia From Birth Weight Less Than 2.8 Kg 400g";Gallia
3266_0;'3041091482020;;'3041091482020;"Gallia Bébé Expert 2 AR 6-12 Mois 800 g";Gallia
3265_0;'3041091482068;;'3041091482068;"Gallia Baby Expert 1 AR 0-6 Months 800g";Gallia
3261_0;'7613036217378;;'7613036217378;"Guigoz 3 Organic Growth 10 Months to 3 Years 800g";Guigoz
3260_0;'7613036217347;;'7613036217347;"Guigoz 2 Lait De Suite Bio 6-12 Mois 800 g";Guigoz
3259_0;'7613036217316;;'7613036217316;"Guigoz 1 Organic Milk 0-6 Months 800g";Guigoz
3254_0;'3518073173011;;'3518073173011;"Novalac 1 Transit + 0-36 Months 800g";Novalac
3251_0;'3518073913013;;'3518073913013;"Novalac AR+ Important Regurgitations 0-36 months 800g";Novalac
3248_0;'3518073213014;;'3518073213014;"Novalac 1 Milk Powder For Infants 0-6 Months 800 g";Novalac
3246_0;'3433425221649;;'3433425221649;"Vichy Homme Déodorant Bille 48H Anti-Transpirant Anti-Traces Protection Chemise 2 x 50 ml";VICHY
3245_0;'3337875585750;;'3337875585750;"Vichy Homme 48H Deodorant anti-perspirant anti-fingerprint shirt protection 50 ml";VICHY
3240_0;'3337875586269;;'3337875586269;"La Roche-Posay Cicaplast Gel B5 epidermal repair accelerator 40ml";"LA ROCHE-POSAY"
3232_0;'4005800192982;;'4005800192982;"Eucerin Dermopure Mat Mattifying Fluid 50ml";EUCERIN
3231_0;'4005800193026;;'4005800193026;"Eucerin Dermopure K10 Skin Renovating Care 40ml";EUCERIN
3230_0;'4005800193057;;'4005800193057;"Eucerin Dermopure Hydra Crème Compensatrice Apaisante 50 ml";EUCERIN
3229_0;'4005800192920;;'4005800192920;"Eucerin Dermopure Scrub 100ml";EUCERIN
3228_0;'4005800192883;;'4005800192883;"Eucerin Dermopure Gel Nettoyant 400 ml";EUCERIN
3216_0;'3582910089599;;'3582910089599;"Phytoxil Cough Relieves Cough Sugar Free 120ml";SANOFI
3212_0;'3661434006234;;'3661434006234;"Uriage Crème Gommante Corps 200 ml";URIAGE
3206_0;'3094904500251;;'3094904500251;"Valda Gums Mint and Eucalyptus Flavor 50g";Valda
3179_0;'3661434005763;;'3661434005763;"Uriage Baby 1st Oleothermal Liniment 500ml";URIAGE
3171_0;'3662361000081;;'3662361000081;"SVR Sensifine Ar Rich Cream 40ML";SVR
3159_0;'8710604763288;;'8710604763288;"Fluocaril Toothpaste Junior 6-12 years Gel Bubble 2 x 75ml";FLUOCARIL
3158_0;'8710604763295;;'8710604763295;"Fluocaril Junior Toothpaste 6-12 years Red Fruits 75ml";FLUOCARIL
3154_0;'3337875574358;;'3337875574358;"Vichy Dercos Technique Densi-Solutions Shampooing 250 ml";VICHY
3137_0;'5708932019422;;'5708932019422;"Compeed Onion Dressing x 5";Compeed
3136_0;'5708932019385;;'5708932019385;"Compeed Birdseye Bandage x 10";Compeed
3135_0;'3574660115482;;'3574660115482;"Compeed Callus Dressing x 6";Compeed
3134_0;'3574660634297;;'3574660634297;"Compeed Extra Resistant Blister Sports Heel Bandages x 5";Compeed
3133_0;'3574660696318;;'3574660696318;"Compeed Moisturizing Corn Plasters x 6";Compeed
3132_0;'3574660115451;;'3574660115451;"Compeed Corn Plasters x 10";Compeed
3130_0;'3574660720242;;'3574660720242;"Compeed Bulbs Assortment x 5";Compeed
3115_0;'3660398500840;;'3660398500840;"Psoriatec Ongles Fragilisés Vernis 3.3 ml";"BAILLEUL BIORGA"
3112_0;'3282770110159;;'3282770110159;"A-Derma Exomega Control Soothing Bath 250ml";A-DERMA
3091_0;'3337875563048;;'3337875563048;"Vichy Dermablend Covermatte Compact powder foundation Powder 9.5g - Shade 35 SAND";VICHY
3087_0;'3577056016899;;'3577056016899;"Dexeryl Essential Cleansing Cream 500ml";"FABRE SANTE"
3078_0;'5054563022578;;'5054563022578;"Polident Crème Fixative Pour Appareils Dentaires Total Action 40 g";Polident
3077_0;'4005800167751;;'4005800167751;"Eucerin Aquaphor Skin Repair Balm 198g";EUCERIN
3073_0;'5012368191431;;'5012368191431;"Jolen Facial Hair Removal Strips x 16";Jolen
3072_0;'5012368191448;;'5012368191448;"Jolen Bandes épilatoires Corps x 36";Jolen
3071_0;'4005365010110;;'4005365010110;"Jolen Crème Décolorante à l'aloe Vera 125 ml";Jolen
3070_0;'5012368191455;;'5012368191455;"Jolen Bleaching Cream with Aloe Vera 30ml";Jolen
3063_0;'3760164540008;;'3760164540008;"Dissolvurol Gouttes Silicium 100 ml";Dissolvurol
3047_0;'3518646027536;;'3518646027536;"Laino Intense Nourishing Care 400ml";LAINO
3029_0;'3337875656757;;'3337875656757;"La Roche-Posay Lipikar Huile lavante AP+ relipidante anti-grattage 750ml";"LA ROCHE-POSAY"
3020_0;'3700225600333;;'3700225600333;"Olioseptil Gélules Sinus x 15";Ineldea
3017_0;'3700225600357;;'3700225600357;"Olioseptil Sirop Gorge-Larynx 125 ml";Ineldea
3010_0;'3700225640773;;'3700225640773;"Ineldea Detox Colon 10 Sachets 10 g";Ineldea
3005_0;'3700343901541;;'3700343901541;"Saugella Lubricant Gel Pump Bottle 50ml";ROTTAPHARM
3000_0;'3577056017711;;'3577056017711;"Arthrodont Protect Fluoride Toothpaste Gel 2 x 75ml";"FABRE DENTAIRE"
2998_0;'3596490002466;;'3596490002466;"Rogé Cavaillès Extra-mild surgras soap rose milk 150g";"ROGE CAVAILLES"
2993_0;'3596490004583;;'3596490004583;"Rogé Cavaillès Douche Surgras Nourrissant Nectar de Rose 200 ml";"ROGE CAVAILLES"
2990_0;'3518646126406;;'3518646126406;"Gilbert Trousse de Secours 1ères Urgences";GILBERT
2989_0;'3700281702873;;'3700281702873;"Topicrem Gommage Douceur 200 ml";TOPICREM
2987_0;'3700281702835;;'3700281702835;"Topicrem DA Gel Nettoyant Surgras 500 ml";TOPICREM
2980_0;'3522930003861;;'3522930003861;"Caudalie Vine Water Shower Gel 200ml";CAUDALIE
2979_0;'3337875543248;;'3337875543248;"Vichy Minéral 89 Fortifying and Plumping Moisturizer 50ml";VICHY
2973_0;'3337875553278;;'3337875553278;"Vichy Déodorant bille minéral 48H actif anti-odeur d'origine naturelle 50 ml";VICHY
2972_0;'3433425202792;;'3433425202792;"Vichy Mineral roll-on deodorant 48H active anti-odor of natural origin 2 x 50ml";VICHY
2971_0;'3433425202846;;'3433425202846;"Vichy Déodorant aérosol minéral 48H 2 x 125 ml";VICHY
2963_0;'3282770072952;;'3282770072952;"Avène Les Essentiels 3in1 make-up remover fluid without rinsing face, eyes and lips 200ml";AVENE
2956_0;'3661434005503;;'3661434005503;"Uriage Masque d'eau Nuit 50 ml";URIAGE
2932_0;'3337875549493;;'3337875549493;"La Roche-Posay Effaclar Duo (+) Soin complet anti-imperfections, anti-marques et anti-récidive et anti-UV (SPF30) 40ml";"LA ROCHE-POSAY"
2931_0;'3337875533317;;'3337875533317;"La Roche-Posay Effaclar Masque sébo-régulateur Masque 100ml";"LA ROCHE-POSAY"
2926_0;'3661434005725;;'3661434005725;"Uriage Bébé 1ère Crème Minérale Spf 50 Très Haute Protection 50 ml";URIAGE
2907_0;'3264680011351;;'3264680011351;"Nuxe Nuxuriance Ultra Crème Mains Anti-Taches & Anti-Age 75 ml";Nuxe
2897_0;'3401329447809;;'3401329447809;"Bioderma Hydrabio Gel-Crème hydratant visage peaux sensibles déshydratées 40 ml";BIODERMA
2895_0;'3337875528108;;'3337875528108;"La Roche-Posay Eau Micellaire Ultra Peaux Réactives 400ml";"LA ROCHE-POSAY"
2889_0;'3700763502991;;'3700763502991;"Dodie Sucette Silicone + 6 mois Minnie x 2";DODIE
2878_0;'3700695220086;;'3700695220086;"Sante verte GCA 2700 x 180 comprimés";"SANTE VERTE"
2873_0;'3664391000116;;'3664391000116;"Calmosine Digestion Bio 100 ml";Laudavie
2872_0;'3664391000123;;'3664391000123;"Calmosine Digestion Bio Dosettes x 12";Laudavie
2869_0;'3059948001478;;'3059948001478;"Durex Orgasm'Intense Préservatifs x 10";DUREX
2868_0;'3059948001430;;'3059948001430;"Durex Gel Lubrifiant Naturel 100 ml";DUREX
2857_0;'3662042003615;;'3662042003615;"Blephaclean 20 Compresses";Théa
2839_0;'5060072733225;;'5060072733225;"Santé Verte Circulymphe Gel Externe 150 ml";"SANTE VERTE"
2828_0;'3282770082357;;'3282770082357;"Avène Couvrance Crème de teint compacte Confort fini velouté naturel Soleil N°5.0 peaux hâlées et sensibles 10 g";AVENE
2826_0;'3282770100099;;'3282770100099;"Avène Couvrance Crème de teint compacte Confort fini velouté naturel Sable N°3.0 peaux claires à dorées et sensibles 10";AVENE
2825_0;'3282770100075;;'3282770100075;"Avène Couvrance Compact foundation cream Comfort natural velvety finish Naturel N°2.0 light and sensitive skin 10 g";AVENE
2822_0;'3282770100198;;'3282770100198;"Avène Couvrance Compact foundation cream Natural powdery matte finish Honey N°4.0 golden and sensitive skin 10 g";AVENE
2817_0;'3264680010941;;'3264680010941;"Nuxe Rêve de Miel Gommage Nourrissant Corps 175 ml";Nuxe
2811_0;'4005900354594;;'4005900354594;"Eucerin Hyaluron Filler Extra Riche Soin De Jour 50 ml";EUCERIN
2810_0;'3661434006067;;'3661434006067;"Uriage Cleansing Oil 1l";URIAGE
2800_0;'3094904555299;;'3094904555299;"Syntholkiné Heating Patch Small Size x 2";SYNTHOL
2781_0;'4005800150135;;'4005800150135;"Eucerin Dermatoclean [Hyaluron] Micellar Lotion 3 In 1 400ml";EUCERIN
2776_0;'3401052068647;;'3401052068647;"ProRhinel Extra Eucalyptus Nasal Spray 20ml";PRORHINEL
2771_0;'3700225602306;;'3700225602306;"Pediakid Baby Gas 12 Sticks";Pediakid
2760_0;'3282779370646;;'3282779370646;"Ducray Ictyane HD Nourishing emollient cream for very dry or irritated skin 50ml";DUCRAY
2759_0;'3282779277143;;'3282779277143;"Ducray Squanorm Anti-Dandruff Zinc Lotion 200ml";DUCRAY
2757_0;'3282779381581;;'3282779381581;"Ducray Gel Rubéfiant Tonique capillaire 30 ml";DUCRAY
2752_0;'3282770075526;;'3282770075526;"Ducray Anaphase Shampooing Complément Antichute 400 ml";DUCRAY
2747_0;'4005800162824;;'4005800162824;"Eucerin Urearepair Original Gel Nettoyant 5% D'Urée 400 ml";EUCERIN
2745_0;'3661434005442;;'3661434005442;"Uriage Bariéderm Stick Cracks Crevices 22g";URIAGE
2744_0;'3661434004728;;'3661434004728;"Uriage Bariéderm Crème Mains 50 ml";URIAGE
2743_0;'3661434005435;;'3661434005435;"Uriage Bariéderm Ointment Cracks Cracks 40g";URIAGE
2742_0;'3661434005459;;'3661434005459;"Uriage Bariéderm Cica Lèvres Baume Réparateur 15 ml";URIAGE
2740_0;'3661434004735;;'3661434004735;"Uriage Bariéderm Repairing Cica-Cream 40ml";URIAGE
2739_0;'3661434004742;;'3661434004742;"Uriage Bariéderm Cica-Crème Réparatrice 100 ml";URIAGE
2738_0;'3661434005367;;'3661434005367;"Uriage Bariéderm Cica Repairing Drying Spray 100ml";URIAGE
2729_0;'3282770053029;;'3282770053029;"Ducray Dexyane Gel nettoyant surgras 400 ml";DUCRAY
2727_0;'3282770203912;;'3282770203912;"Ducray Dexyane Emollient Balm anti-itching very dry and atopy-prone skin 200ml";DUCRAY
2726_0;'3282770203929;;'3282770203929;"Ducray Dexyane Emollient Balm anti-itching very dry and atopy-prone skin 400ml";DUCRAY
2721_0;'3401360060753;;'3401360060753;"SVR Clairial Serum 30ML";SVR
2720_0;'3337875518598;;'3337875518598;"La Roche-Posay Effaclar Duo (+) Unifying Medium Tint 40ml";"LA ROCHE-POSAY"
2719_0;'3337875518451;;'3337875518451;"La Roche-Posay Effaclar Duo (+) Soin Teinté Anti-imperfections teinte Light 40ml";"LA ROCHE-POSAY"
2718_0;'3337875537315;;'3337875537315;"La Roche-Posay Lipikar Syndet AP+ Lipid-Replenishing Cleansing Cream 400ml";"LA ROCHE-POSAY"
2717_0;'3337875537308;;'3337875537308;"La Roche-Posay Lipikar Syndet AP+ Lipid-Replenishing Cleansing Cream 200ml";"LA ROCHE-POSAY"
2716_0;'3264680010798;;'3264680010798;"Nuxe Rêve de Miel Hand and Nail Cream 2 x 50ml";Nuxe
2715_0;'3700399100431;;'3700399100431;"Saforelle Miss Intimate and Body Care 250ml";SAFORELLE
2714_0;'3700399100448;;'3700399100448;"Saforelle Miss Soin Intime et Corporel 500 ml";SAFORELLE
2709_0;'3504105035822;;'3504105035822;"Mustela Bébé No-Rinse Cleansing Water Avocado 500ml";MUSTELA
2708_0;'3504105035754;;'3504105035754;"Mustela Bébé Gentle Cleansing Gel Avocado 500ml";MUSTELA
2704_0;'3532679426920;;'3532679426920;"Exacto Urinary Infections Test x 3";Exacto
2701_0;'3435171561000;;'3435171561000;"Quies Anti-Snoring Nasal Spray 15ml";Quies
2700_0;'3435171531003;;'3435171531003;"Quies Anti-ronflement Spray Buccal 70 ml";Quies
2698_0;'3435171131005;;'3435171131005;"Quies Protection Auditive Silicone Anti-bruit 3 Paires";Quies
2696_0;'3435171191061;;'3435171191061;"Quies Hearing Protection Fluorescent Comfort Foam 3 Pairs";Quies
2693_0;'3435170100248;;'3435170100248;"Quies Hearing Protection Natural Wax 12 Pairs";Quies
2692_0;'3435171101169;;'3435171101169;"Quies Hearing Protection Natural Wax 8 Pairs";Quies
2690_0;'3577056022722;;'3577056022722;"Elugel Oral Gel Reduces Dental Plaque 40ml";"FABRE DENTAIRE"
2668_0;'3760155210392;;'3760155210392;"Conceptio Duo Homme/Femme";Granions
2641_0;'3323037604759;;'3323037604759;"Akilenjur/Akilhiver Dermo-adjuvant 75 ml";ASEPTA
2638_0;'3323034408671;;'3323034408671;"Akileine Absorbent Powder 75g";ASEPTA
2635_0;'3323036081100;;'3323036081100;"Akileïne Sels De Bain Delassants 2 x 150 g";ASEPTA
2633_0;'3323034408749;;'3323034408749;"Akileïne Galets De Bain x 6";ASEPTA
2631_0;'3323034408800;;'3323034408800;"Akileïne Exfoliating Cream 50ml";ASEPTA
2628_0;'3323037743571;;'3323037743571;"Ecrinal Nail Polish Base Anti-streaks 10ml";ASEPTA
2627_0;'3323037743588;;'3323037743588;"Ecrinal Gloss Varnish Hardener 10ml";ASEPTA
2622_0;'3323036009647;;'3323036009647;"Ecrinal Fortifying Gel Eyelashes & Eyebrows 9ml";ASEPTA
2608_0;'3661434005015;;'3661434005015;"Uriage Soin d'Eau Contour des Yeux 15 ml";URIAGE
2606_0;'3661434004995;;'3661434004995;"Uriage Rich Water Cream 40ml";URIAGE
2604_0;'3661434005008;;'3661434005008;"Uriage Light Water Cream 40ml";URIAGE
2603_0;'3661434004711;;'3661434004711;"Uriage Melting Body Balm 200ml";URIAGE
2601_0;'3337871331290;;'3337871331290;"Vichy Dercos Technique Antipelliculaire DS Shampooing traitant pellicules & démangeaisons cheveux normaux à gras 390ml";VICHY
2591_0;'3337875201704;;'3337875201704;"Roger & Gallet Rose Fondant Milk 200ml";"ROGER GALLET"
2588_0;'9001616709517;;'9001616709517;"MAM Anatomical Soother Silicone Animals Girl x 2";MAM
2587_0;'9001616639975;;'9001616639975;"MAM Quick Flow Teat x 2";MAM
2586_0;'9001616639951;;'9001616639951;"MAM Teat Flow 2 x 2";MAM
2583_0;'9001616668869;;'9001616668869;"MAM Boy Anatomical Silicone Soother x 2";MAM
2575_0;'9001616381683;;'9001616381683;"MAM Baby Bottle Easy Start 0+ Months Nature Sky Blue Green 260 ml x 2";MAM
2559_0;'3338221000637;;'3338221000637;"Phyto PhytoElixir Cleansing Care Cream 75ml";PHYTO
2550_0;'3282770072709;;'3282770072709;"A-Derma Hydralba UV Crème hydratante Légère 40 ml";A-DERMA
2549_0;'3337875517300;;'3337875517300;"La Roche-Posay Cicaplast Baume B5 spf50 soothing repairer 40ml";"LA ROCHE-POSAY"
2546_0;'3282770072754;;'3282770072754;"A-Derma Protect AC Fluide Solaire Matifiant 40 ml + Phys-Ac Gel Moussant Purifiant 100 ml";A-DERMA
2543_0;'3337875485128;;'3337875485128;"Vichy Dercos Technique Shampooing Ultra Apaisant Cheveux Gras 200 ml";VICHY
2542_0;'8718951031203;;'8718951031203;"Elmex Dentifrice Anti-Caries Professional Junior 75 ml";ELMEX
2541_0;'3264680009761;;'3264680009761;"Nuxe Prodigious Oil 50ml";Nuxe
2534_0;'4022167400062;;'4022167400062;"Braun Thermoscan Replacement Tips x 40";Braun
2518_0;'3094904500909;;'3094904500909;"Parodontax Toothpaste Fluoride Gel 2 x 75ml";PARODONTAX
2513_0;'3532678551463;;'3532678551463;"Exacto Test d'Ovulation x 10";Exacto
2510_0;'3661434004575;;'3661434004575;"Uriage Déodorant Bille Puissance3 50 ml";URIAGE
2509_0;'3661434003110;;'3661434003110;"Uriage Freshness Deodorant 125ml";URIAGE
2508_0;'3661434002687;;'3661434002687;"Uriage Gentle Roll-on Deodorant 50ml";URIAGE
2490_0;'8002410064452;;'8002410064452;"Somatoline Cosmetic Use&Go Slimming Spray 200ml";SOMATOLINE
2488_0;'3401553833072;;'3401553833072;"GoVital Magnesium Vitamin B6 45 Tablets";URGO
2484_0;'3578835502480;;'3578835502480;"Arkopharma Arkocaps Tribulus 45 capsules";ARKOPHARMA
2466_0;'3059949931408;;'3059949931408;"Scholl Velvet Smooth Sublime Electric System Nails";SCHOLL
2465_0;'3059949931514;;'3059949931514;"Scholl ActivGel Daily Heel Insoles";SCHOLL
2463_0;'8718951093607;;'8718951093607;"Elmex Sensitive Professional Whitening Toothpaste 2 x 75ml";ELMEX
2460_0;'4005800099250;;'4005800099250;"Elastoplast Rapid Healing Dressings 8 dressings";ELASTOPLAST
2458_0;'4005800092534;;'4005800092534;"Elastoplast Waterproof Plasters 20 plasters";ELASTOPLAST
2457_0;'4005808113453;;'4005808113453;"Elastoplast Ampoule Large size Box of 5 plasters";ELASTOPLAST
2455_0;'6001159122852;;'6001159122852;"Bi-Oil 200 ml";"OMEGA PHARMA"
2454_0;'3282770209488;;'3282770209488;"A-Derma Epitheliale AH Ultra cream 100 ML";A-DERMA
2437_0;'5052197043808;;'5052197043808;"Scholl Velvet Smooth Electric Grater Pink";SCHOLL
2430_0;'5000488104578;;'5000488104578;"Bach Original Rescue Night Spray 20ml";Famadem
2429_0;'5000488104189;;'5000488104189;"Bach Original Rescue Sérénité Spray 20 ml";Famadem
2428_0;'5000488104196;;'5000488104196;"Bach Original Rescue Serenity 10ml";Famadem
2427_0;'5000488106893;;'5000488106893;"Bach Original Rescue Kids 10ml";Famadem
2354_0;'3760155210491;;'3760155210491;"Granions Coenzyme Q10 120 mg 30 gélules";Granions
2353_0;'3760155210538;;'3760155210538;"Granions Muscle Relaxant 30 Phials";Granions
2343_0;'5410765001023;;'5410765001023;"Excilor Nail Mycosis Treatment Solution 3.3ml";Excilor
2296_0;'5052197005202;;'5052197005202;"Scholl Cors Feutres Protecteurs x 9";SCHOLL
2287_0;'7640107850622;;'7640107850622;"AudiSpray Junior 25ml";COOPER
2271_0;'3661434004452;;'3661434004452;"Uriage Xemose Moisturizing Lip Stick 4g";URIAGE
2270_0;'3661434003370;;'3661434003370;"Uriage Xémose Soothing Cleansing Oil 1L";URIAGE
2267_0;'3282770039184;;'3282770039184;"A-Derma Xera-Mega Confort Nourishing Anti-Dryness Cream 400ml";A-DERMA
2264_0;'3282770209495;;'3282770209495;"A-Derma Epitheliale AH Duo ultra-repairing cream 40 ML";A-DERMA
2262_0;'3282770055085;;'3282770055085;"Ducray Sensinol Physioprotective soothing milk Itchy skin 400 ml";DUCRAY
2259_0;'3282770055078;;'3282770055078;"Ducray Sensinol Soothing cleansing oil for face and body 200ml";DUCRAY
2258_0;'3282779417006;;'3282779417006;"Ducray Sensinol Sérum apaisant physio-protecteur anti-démangeaisons Cuir chevelu irrité 30 ml";DUCRAY
2257_0;'3282779317658;;'3282779317658;"Ducray Sensinol Anti-Itching Physioprotective Shampoo Irritated Scalp 200ml";DUCRAY
2256_0;'3577056013133;;'3577056013133;"Inava DentoFil Black 50 m";"FABRE DENTAIRE"
2254_0;'3577056007347;;'3577056007347;"Elgydium Medium Pocket Toothbrush";"FABRE DENTAIRE"
2253_0;'3577056012938;;'3577056012938;"Elgydium Soft Pocket Toothbrush";"FABRE DENTAIRE"
2219_0;'3760095250441;;'3760095250441;"Depiwhite Depigmenting Cream 40ml";ACM
2205_0;'3282770038545;;'3282770038545;"Avène Men Anti-Aging Moisturizing Care 50ml";AVENE
2202_0;'3518646026515;;'3518646026515;"Laino Witch Hazel Water 250 ML";LAINO
2197_0;'3337875205184;;'3337875205184;"Roger & Gallet Red Ginger Milk Sorbet 200 ML";"ROGER GALLET"
2195_0;'7610108022052;;'7610108022052;"Meridol Soft Surgical Toothbrush";MERIDOL
2193_0;'7610108052707;;'7610108052707;"Meridol Gum Protection Mouthwash 400ml";MERIDOL
2189_0;'5012368191417;;'5012368191417;"Jolen Crème Décolorante 30 ml";Jolen
2184_0;'8718951093560;;'8718951093560;"Elmex Sensitive Professional Toothpaste 2 x 75ml";ELMEX
2183_0;'8714789754451;;'8714789754451;"Elmex Dentifrice Sensitive Professional 75 ml";ELMEX
2182_0;'8714789806013;;'8714789806013;"Elmex Dentifrice Sensitive Professional Blancheur 75 ml";ELMEX
2181_0;'8714789665139;;'8714789665139;"Elmex Intense Cleansing Toothpaste 50ml";ELMEX
2179_0;'4007965507335;;'4007965507335;"Elmex Dentifrice Anti-caries 2 x 75 ml";ELMEX
2178_0;'8718951044562;;'8718951044562;"Elmex Erosion Protection Toothpaste 75ml";ELMEX
2177_0;'7610108020324;;'7610108020324;"Elmex Soft Junior Toothbrush 7-12";ELMEX
2175_0;'7610108019557;;'7610108019557;"Elmex Soft Caries Protection Toothbrush x 2";ELMEX
2173_0;'8716800456429;;'8716800456429;"Elmex Brosse à Dents Nettoyage Intense Médium";ELMEX
2172_0;'7610108020355;;'7610108020355;"Elmex Toothbrush Child 3-6 years soft";ELMEX
2169_0;'8714789871806;;'8714789871806;"Elmex Junior Dental Solution 400ml";ELMEX
2168_0;'3264680016530;;'3264680016530;"Nuxe Nuxuriance Ultra Global Anti-Aging Redensifying Rich Cream 50 ML";Nuxe
2167_0;'8714789834740;;'8714789834740;"Elmex Professional Sensitive Dental Solution 400ml";ELMEX
2166_0;'3337871321994;;'3337871321994;"Vichy Pureté Thermale Démaquillant intégral 3 en 1 Peaux sensibles 300ml";VICHY
2164_0;'5038483965962;;'5038483965962;"Durex Play Gel Massage Sensuel 200 ML";DUREX
2154_0;'3337872414176;;'3337872414176;"La Roche-Posay Pigmentclar Soin UV SPF 30 correcteur réuniformisant 40ml";"LA ROCHE-POSAY"
2151_0;'3401060256340;;'3401060256340;"SVR Palpebral Creme 15ML";SVR
2141_0;'3661434003691;;'3661434003691;"Uriage Démaquillant Yeux Waterproff 100 ml";URIAGE
2139_0;'3282770111552;;'3282770111552;"Avène Body Gentle shower gel sensitive skin face and body 500ml";AVENE
2138_0;'3282770111576;;'3282770111576;"Avène Body Gel douche douceur peaux sensibles visage et corps 100ml";AVENE
2126_0;'3662042006074;;'3662042006074;"Nutrof Total 180 capsules";Théa
2123_0;'3282770038880;;'3282770038880;"Furterer Solar Nutri-Repairing Shampoo 200 ML";Furterer
2115_0;'5013455140196;;'5013455140196;"Weleda Sports Recovery Bath with Arnica 200 ML";WELEDA
2114_0;'3596204471700;;'3596204471700;"Weleda Bain de Bouche à la Myrrhe 50 ML";WELEDA
2105_0;'8718951031241;;'8718951031241;"Elmex Dentifrice Anti-Caries Professional 75 ML";ELMEX
2101_0;'3401320215322;;'3401320215322;"Hydralin Gyn Irritaltion Calming Gel 100ml";"BAYER SANTE FAMILIALE"
2097_0;'3337872418815;;'3337872418815;"La Roche-Posay Lipikar Gel lavant apaisant protecteur 750ml";"LA ROCHE-POSAY"
2096_0;'3700225600241;;'3700225600241;"Pediakid Transit Doux 125 ml";Pediakid
2093_0;'3700225602030;;'3700225602030;"Pediakid Organic Insect Shield Spray 100ml";Pediakid
2090_0;'3700225600210;;'3700225600210;"Pediakid Sleep 125ml";Pediakid
2087_0;'3700225600258;;'3700225600258;"Pediakid 22 Vitamins & Trace Elements 125ml";Pediakid
2085_0;'3700225600203;;'3700225600203;"Pediakid Appétit-Tonus 125 ml";Pediakid
2083_0;'3700225602023;;'3700225602023;"Pediakid Nose-Throat Syrup 125ml";Pediakid
2078_0;'3282770200904;;'3282770200904;"Klorane Avoine Shampoing sec en poudre extra-doux au lait d'Avoine Sans gaz Tous types de cheveux";KLORANE
2063_0;'3700399101063;;'3700399101063;"Gestarelle G3+ Grossesse 90 Capsules";IPRAD
2062_0;'3596490003937;;'3596490003937;"Somatoline Cosmetic Intensive Slimming Treatment 7 Nights 400 ML";SOMATOLINE
2061_0;'3700399100479;;'3700399100479;"Saforelle Ultra Moisturizing Cleansing Care 500ml";SAFORELLE
2052_0;'3614810000326;;'3614810000326;"Mag 2 - 24 h 45 tablets";COOPER
2043_0;'3326100000038;;'3326100000038;"Argiletz Green Clay Paste 400g";Argiletz
2042_0;'3326100000076;;'3326100000076;"Argiletz Green Clay Mask & Bath 300g";Argiletz
2035_0;'3057330172348;;'3057330172348;"Thermacare Multi-Zone Pain Relief Heating Patch 3 Patches";PFIZER
2032_0;'3331300097276;;'3331300097276;"Stérimar Nose Subject To Infections 100ml";STERIMAR
2028_0;'3331300097023;;'3331300097023;"Stérimar baby Nose hygiene 100ml";STERIMAR
2026_0;'3331300097795;;'3331300097795;"Stérimar Stop & Protect Irritated Dry Nose 20ml";STERIMAR
1973_0;'3578835502053;;'3578835502053;"Arkopharma Arkogélules Bio Baie de Myrtille 45 gélules";ARKOPHARMA
1966_0;'3578835501773;;'3578835501773;"Arkopharma Arkocaps Turmeric Piperine 45 capsules";ARKOPHARMA
1948_0;'3428881224303;;'3428881224303;"Super Diet Radis Noir - Artichaut Bio 20 Ampoules";"SUPER DIET"
1893_0;'3282770206821;;'3282770206821;"Ducray Keracnyl Mattifying anti-shine emulsion for combination to oily skin 30ml";DUCRAY
1891_0;'3282779368971;;'3282779368971;"Ducray Keracnyl Purifying lotion anti-imperfections oily acne-prone skin 200 ml";DUCRAY
1888_0;'3700281702736;;'3700281702736;"Topicrem DA baume émollient 500 ML";TOPICREM
1887_0;'7640107850141;;'7640107850141;"AudiSpray Adult 50 ml";COOPER
1885_0;'4005800109171;;'4005800109171;"Eucerin Ultrasensible Soin Apaisant Peau Normale À Mixte 50 ml";EUCERIN
1884_0;'3661434003424;;'3661434003424;"Uriage ROSÉLIANE Masque Anti-Rougeurs 40 ML";URIAGE
1877_0;'3525722012508;;'3525722012508;"Color & Soin 4B Chatain Brownie";"LES 3 CHENES"
1871_0;'3337875548519;;'3337875548519;"La Roche-Posay Cicaplast Lavant B5 soothing purifying foaming gel 200ml";"LA ROCHE-POSAY"
1867_0;'3401044442547;;'3401044442547;"Hyalugel Oral Gel 20ml";EXPANSCIENCE
1866_0;'3504105033071;;'3504105033071;"Mustela Baby Dermo-protective Liniment 400ml";MUSTELA
1863_0;'3760095253022;;'3760095253022;"Noviderm Boréade cleansing cream 200ml";Noviderm
1861_0;'3428881238102;;'3428881238102;"Super Diet Quatuor Bio Bien-être Du Foie 20 ampoules";"SUPER DIET"
1855_0;'3323037631410;;'3323037631410;"Cicaleïne Cracks and Cracks 30ml";ASEPTA
1854_0;'3504105025793;;'3504105025793;"Mustela Bébé Crème Change 1 2 3 50 ml";MUSTELA
1852_0;'3504105025854;;'3504105025854;"Mustela Baby Changing Cream 1 2 3 100ml";MUSTELA
1843_0;'3401399694356;;'3401399694356;"Bioderma Hydrabio Toning Lotion Face and Eyes Dehydrated Sensitive Skin 250ml";BIODERMA
1834_0;'3701129802076;;'3701129802076;"Bioderma Atoderm Intensive Balm nourishing and soothing care for very dry sensitive skin 500ml";BIODERMA
1833_0;'3701129802007;;'3701129802007;"Bioderma Atoderm Moisturizing shower cream normal and dry skin 1000 ml";BIODERMA
1829_0;'6001159122869;;'6001159122869;"Bi-Oil 125ml";"OMEGA PHARMA"
1826_0;'3337872413704;;'3337872413704;"La Roche-Posay Pure Vitamin C Light Anti-wrinkle radiance care normal to combination skin 40ml tube";"LA ROCHE-POSAY"
1824_0;'3337872414282;;'3337872414282;"La Roche-Posay Kerium Doux Extrême Shampoing-Gel 400ml";"LA ROCHE-POSAY"
1822_0;'3337872413353;;'3337872413353;"La Roche-Posay Hydraphase Intense Immediate Filling Rehydrating Serum 30ml";"LA ROCHE-POSAY"
1820_0;'3337872410345;;'3337872410345;"La Roche-Posay Démaquillant Physiologique Démaquillant yeux sensibles 125ml";"LA ROCHE-POSAY"
1819_0;'3337872414145;;'3337872414145;"La Roche-Posay Cicaplast Repairing Barrier Hand Cream 50ml";"LA ROCHE-POSAY"
1813_0;'3661434006494;;'3661434006494;"Uriage Gentle Exfoliating Jelly 50ml";URIAGE
1811_0;'3664492000077;;'3664492000077;"Urgo Après Piqûres D'insectes 3,25 ml";URGO
1787_0;'3337872410147;;'3337872410147;"La Roche-Posay Toleriane Crayon Douceur noir";"LA ROCHE-POSAY"
1781_0;'3282770030068;;'3282770030068;"Avène - Solar - Sun oil SPF 30 200ml";AVENE
1779_0;'3337871323394;;'3337871323394;"Vichy Dercos Technique Antidandruff Sensitive Treatment shampoo Sensitive scalp 200ml";VICHY
1777_0;'3401351277979;;'3401351277979;"Bioderma Créaline AR BB Cream anti-rougeurs pour peaux sensibles 40 ml";BIODERMA
1765_0;'3264680007002;;'3264680007002;"Nuxe Sun Lait Délicieux Visage et Corps SPF 30 - 150 ml";Nuxe
1763_0;'3282770140484;;'3282770140484;"Ducray Squanorm Anti-dandruff treatment shampoo dry dandruff 200ml";DUCRAY
1761_0;'3596490003364;;'3596490003364;"Somatoline Cosmetic Intensive Treatment Rebellious Zones 100 ML";SOMATOLINE
1750_0;'8006540331316;;'8006540331316;"Fixodent Pro Fixing Cream Duo Action 40g";FIXODENT
1749_0;'3577056004780;;'3577056004780;"Elgydium Medium Anti-Plaque Toothbrush";"FABRE DENTAIRE"
1748_0;'3577056004797;;'3577056004797;"Elgydium Soft Anti-plaque Toothbrush";"FABRE DENTAIRE"
1747_0;'8718951160545;;'8718951160545;"Elmex Anti-caries Dental Solution 400ml";ELMEX
1744_0;'3661434002960;;'3661434002960;"Uriage Surgras Dermatological Liquid 1L";URIAGE
1740_0;'4005800024245;;'4005800024245;"Eucerin Urearepair Plus Emollient 10% Urea 400ml";EUCERIN
1739_0;'4005800036798;;'4005800036798;"Eucerin Dermocapillaire Calming Shampoo 5% Urea 250ml";EUCERIN
1737_0;'5052197023350;;'5052197023350;"Scholl Velvet Smooth Blue Electric Grater";SCHOLL
1736_0;'4005800045936;;'4005800045936;"Eucerin Atopicontrol Calming Face Cream 50ml";EUCERIN
1735_0;'4005800078002;;'4005800078002;"Eucerin Atopicontrol Intensive Calming Cream 40ml";EUCERIN
1724_0;'3596205152134;;'3596205152134;"Weleda Millet Frequent Use Shampoo 190 ML";WELEDA
1713_0;'3577056005701;;'3577056005701;"Elgydium Soft Diffusion Toothbrush";"FABRE DENTAIRE"
1698_0;'4005800271724;;'4005800271724;"Elastoplast Universal Dressings 40 dressings";ELASTOPLAST
1695_0;'3175681057128;;'3175681057128;"Vitaflor Apiculte Gelée Royale Bio 1500 mg 20 ampoules";Vitaflor
1691_0;'3337875656764;;'3337875656764;"La Roche-Posay Lipikar Lipid-replenishing cleansing oil AP+ anti-itching 400ml";"LA ROCHE-POSAY"
1684_0;'3661434001734;;'3661434001734;"Uriage Hyséac Mat 40 ml";URIAGE
1681_0;'3661434002069;;'3661434002069;"Uriage D.S. Lotion Antipelliculaire Régulatrice 100 ml";URIAGE
1679_0;'3337875656771;;'3337875656771;"La Roche-Posay Lipikar Lipid-replenishing cleansing oil AP+ anti-itching 200ml";"LA ROCHE-POSAY"
1671_0;'5060072733805;;'5060072733805;"Circulymphe green health 60 tablets";"SANTE VERTE"
1668_0;'3282779405553;;'3282779405553;"Avène XeraCalm A.D Crème relipidante peaux très sèches sujettes à l'eczéma atopique et aux démangeaisons 200ml";AVENE
1667_0;'3282779416139;;'3282779416139;"Avène Cicalfate Mains Crème réparatrice isolante Peaux très sèches, gercées et fendillées 100ml";AVENE
1663_0;'3282779228633;;'3282779228633;"Avène - Solaire - Crème SPF 30 50ml";AVENE
1652_0;'7610108052639;;'7610108052639;"Elmex set dentaire de voyage";ELMEX
1651_0;'3700399100455;;'3700399100455;"Saforelle soin lavant ultra hydratant 100 ML";SAFORELLE
1650_0;'3577056000201;;'3577056000201;"Inava Dentofil Chlorhexidine protection anti-bactérienne";INAVA
1648_0;'6001159122876;;'6001159122876;"Bi-Oil 60 ml";"OMEGA PHARMA"
1647_0;'3337872411595;;'3337872411595;"La Roche-Posay Eau Micellaire Ultra Peaux Sensibles 400ml";"LA ROCHE-POSAY"
1644_0;'3282779355773;;'3282779355773;"Avène - Solaire - Très haute protection Crème minérale SPF 50+ 50ml";AVENE
1630_0;'3700763500287;;'3700763500287;"Dodie Comprimés de Stérilisation x 32";DODIE
1629_0;'3661434000072;;'3661434000072;"Uriage D.S. émulsion apaisante régulatrice 40 ml";URIAGE
1606_0;'3760095253053;;'3760095253053;"Noviderm Boréade Soin lissant 40 ml";Noviderm
1605_0;'3337872413711;;'3337872413711;"La Roche-Posay Pure Vitamin C Riche Soin anti-rides éclat peaux sèches à très sèches tube 40ml";"LA ROCHE-POSAY"
1603_0;'4005800019876;;'4005800019876;"Eucerin Aquaphor Baume Réparateur Cutané 40 g";EUCERIN
1593_0;'3518073223013;;'3518073223013;"Novalac 2 Lait De Suite 6-12 Mois 800 g";Novalac
1585_0;'3337871323332;;'3337871323332;"Vichy Liftactiv Supreme Soin yeux anti-rides & anti-âge 15ml";VICHY
1582_0;'3337872413513;;'3337872413513;"La Roche-Posay Posthelios Gel Fondant Après-Soleil 400ml";"LA ROCHE-POSAY"
1578_0;'3394021000543;;'3394021000543;"Hei Poa Pur MonoÏ de Tahiti AO - Coco 100 ml";"Hei Poa"
1576_0;'3394021000512;;'3394021000512;"Hei Poa Pur MonoÏ Tahiti -Tiaré 100 ml";"Hei Poa"
1574_0;'3596490002503;;'3596490002503;"Rogé Cavaillès Savon Surgras Extra-doux Fleur de Coton 3 x 250 gr + 1 Gratuit";"ROGE CAVAILLES"
1573_0;'3596490000264;;'3596490000264;"Rogé Cavaillès Extra-mild Surgras Soap Milk and Honey 150 G";"ROGE CAVAILLES"
1566_0;'3282770100228;;'3282770100228;"Avène - Solaire - Haute protection Compact teinté Sable SPF 50 10gr";AVENE
1563_0;'3282770100242;;'3282770100242;"Avène - Solaire - Haute protection Compact teinté Doré SPF 50 10gr";AVENE
1557_0;'3337871311292;;'3337871311292;"Vichy Dercos Technique Shampooing Energy+ 200 ml";VICHY
1546_0;'3701129800997;;'3701129800997;"Bioderma ABCDerm Shampoing doux bébé et enfant cuir chevelu délicat 200 ml";BIODERMA
1501_0;'3596204358506;;'3596204358506;"Weleda Bébé Lait corporel au Calendula 200 ML";WELEDA
1500_0;'3701129801345;;'3701129801345;"Bioderma ABCDerm Cold-Cream Crème bébé, soin nourrissant 45 ml";BIODERMA
1499_0;'3596204358520;;'3596204358520;"Weleda Baby Protective Face Cream with Calendula 50 ML";WELEDA
1495_0;'3596206198001;;'3596206198001;"Weleda Baby Calendula Vegetable Soap 100g";WELEDA
1488_0;'3282770037586;;'3282770037586;"Ducray Squanorm Anti-dandruff treatment shampoo oily dandruff 200ml";DUCRAY
1486_0;'3282770140453;;'3282770140453;"Ducray Kelual DS Anti-Dandruff Treatment Shampoo 100ml";DUCRAY
1485_0;'3401577940039;;'3401577940039;"Bioderma Nodé k irritated scalp care concentrate, anti-dander 100ml";BIODERMA
1482_0;'3433422407282;;'3433422407282;"La Roche-Posay Kerium DS Shampoing traitant purifiant antipelliculaire 200 ml";"LA ROCHE-POSAY"
1481_0;'3433422407268;;'3433422407268;"La Roche-Posay Kerium DS Shampoing Traitant Pellicules Persistantes 125ml";"LA ROCHE-POSAY"
1480_0;'3401577939958;;'3401577939958;"Bioderma Nodé K Shampoing apaisant anti squame 150 ml";BIODERMA
1479_0;'3574660008579;;'3574660008579;"Neutrogena T/Gel Fort Shampooing 250 ml";NEUTROGENA
1478_0;'3337871330286;;'3337871330286;"Vichy Dercos Technique Antipelliculaire DS Shampooing traitant pellicules & démangeaisons cheveux normaux à gras 200ml";VICHY
1475_0;'3596204519983;;'3596204519983;"Weleda Perineum Massage Oil 50 ML";WELEDA
1472_0;'3282770038460;;'3282770038460;"A-Derma Surgras Bar 2 x 100g";A-DERMA
1471_0;'3282779306492;;'3282779306492;"A-Derma Dermatological Bar 2 x 100g";A-DERMA
1463_0;'3518646023217;;'3518646023217;"Laino Savon Liquide D'alep 500 ML";LAINO
1461_0;'3661434000171;;'3661434000171;"Uriage Xémose Gentle Cleansing Syndet 200 ML";URIAGE
1460_0;'3522930003816;;'3522930003816;"Caudalie Flower of Vine Shower Gel 200 ML";CAUDALIE
1458_0;'3578835503661;;'3578835503661;"Arkopharma Arkocaps Organic Ashwagandha x60";ARKOPHARMA
1456_0;'3596490000271;;'3596490000271;"Rogé Cavaillès Extra-mild Surgras Soap Green Almond 150 G";"ROGE CAVAILLES"
1454_0;'3596490000066;;'3596490000066;"Rogé Cavaillès Extra-Mild Surgras Soap 150g";"ROGE CAVAILLES"
1453_0;'4005900644107;;'4005900644107;"Nobacter Soap 100g";EUCERIN
1451_0;'3433422404533;;'3433422404533;"La Roche-Posay Lipikar Surgras Anti-drying dermatological bread 150g";"LA ROCHE-POSAY"
1447_0;'3282779255059;;'3282779255059;"Avène Cold Cream Pain Surgras nourishing cleanser 2 x 100gr";AVENE
1445_0;'3282779254892;;'3282779254892;"Avène Cold Cream Pain Surgras nourishing cleanser 100gr";AVENE
1441_0;'3433422406728;;'3433422406728;"La Roche-Posay Sérozinc Soluté de sulfate de zinc 150ml";"LA ROCHE-POSAY"
1440_0;'3282779003889;;'3282779003889;"Avène Men Soothing Protective Aftershave Balm 75ml";AVENE
1439_0;'3433425002934;;'3433425002934;"Vichy Homme Anti-Irritation Shaving Foam 2 x 200ml";VICHY
1438_0;'4005800636707;;'4005800636707;"Nobacter Soothing Moisturizing After Shave Balm 75ml";EUCERIN
1424_0;'5038483364345;;'5038483364345;"Durex Play Sensitive Lubricant Gel 50 ML";DUREX
1423_0;'5038483448083;;'5038483448083;"Durex Condom Classic Jeans x 3";DUREX
1422_0;'3059948001904;;'3059948001904;"Durex Condoms with Delaying Effect x 10";DUREX
1421_0;'5038483225400;;'5038483225400;"Durex Condom Love x 6";DUREX
1416_0;'3094904500077;;'3094904500077;"Syntholkiné Muscle Massage Roll-on 50 ML";SYNTHOL
1415_0;'3094904500053;;'3094904500053;"Syntholkiné Large Format Heating Patch x 2";SYNTHOL
1408_0;'3341170142006;;'3341170142006;"Scholl Thin Toe Spacers Partridge Eyes 3 Spacers";SCHOLL
1406_0;'3341170146004;;'3341170146004;"Scholl Corns and Sore Nails Finger/Toe Cap";SCHOLL
1401_0;'3323039879810;;'3323039879810;"Akildia Multi-Protective Cream 75ml";ASEPTA
1400_0;'3574660115390;;'3574660115390;"Compeed Small blister dressing x 6";Compeed
1399_0;'3574660115420;;'3574660115420;"Compeed Medium Size Ampoules 5 Plasters";Compeed
1397_0;'3661434000508;;'3661434000508;"Uriage Bariederm Crème Isolante Reparatrice 75 ml";URIAGE
1394_0;'3323034408763;;'3323034408763;"Akileïne Refreshing Gel 125ml";ASEPTA
1393_0;'3323039947151;;'3323039947151;"Akileïne Nutri-Repairing Cream 50ml";ASEPTA
1392_0;'3323036191380;;'3323036191380;"Akileine Podorape";ASEPTA
1391_0;'3323037706415;;'3323037706415;"Akileïne Hydra-defense balm 125ml";ASEPTA
1390_0;'4005800034329;;'4005800034329;"Eucerin Urearepair Plus Hand Cream 5% Urea 75ml";EUCERIN
1388_0;'4005800034428;;'4005800034428;"Eucerin Urearepair Plus Foot Cream 10% Urea 100ml";EUCERIN
1387_0;'3323036008855;;'3323036008855;"Ecrinal Bitter Nail Polish 10ml";ASEPTA
1386_0;'3323037664111;;'3323037664111;"Ecrinal Vitamin Hardening Varnish 10ml";ASEPTA
1385_0;'3323039503173;;'3323039503173;"Cicaleïne Cracks and Cracks 50ml";ASEPTA
1382_0;'3337872412684;;'3337872412684;"La Roche-Posay Lipikar Xerand 50ml";"LA ROCHE-POSAY"
1379_0;'3282770100266;;'3282770100266;"Avène Cold Cream Nourishing concentrated hand cream, protective for dry and irritated hands 2 x 50ml";AVENE
1373_0;'3323034229207;;'3323034229207;"Sports Akileine Intense Cold Spay 400ml";ASEPTA
1368_0;'3614819999164;;'3614819999164;"Verruxit Treatment of Warts by Cryotherapy 50ml";COOPER
1366_0;'3282770104783;;'3282770104783;"A-Derma Cytelium Drying Spray 100ml";A-DERMA
1363_0;'3661434000089;;'3661434000089;"Uriage DS Cleansing Gel 150ml";URIAGE
1361_0;'3433422408159;;'3433422408159;"La Roche-Posay Effaclar Astringent Micro-Exfoliating Lotion 200ml";"LA ROCHE-POSAY"
1359_0;'3401348840421;;'3401348840421;"Bioderma Sébium Hydra, moisturizing cream for acne-prone skin 40ml";BIODERMA
1358_0;'3282770100921;;'3282770100921;"Avène Cleanance Hydra Soothing cleansing cream for skin that is dry and irritated by treatments 200ml";AVENE
1357_0;'3401047497001;;'3401047497001;"Auréocyde Antibacterial Purifying Cream 15ml";COOPER
1356_0;'3337875609593;;'3337875609593;"La Roche-Posay Effaclar Targeted Rash Corrector Care 15ml";"LA ROCHE-POSAY"
1355_0;'3401575645851;;'3401575645851;"Bioderma Sébium H2O Eau micellaire purifiante visage et yeux peaux mixtes à grasses H20 500 ml";BIODERMA
1354_0;'3401574131423;;'3401574131423;"Bioderma Sébium Exfoliating Gel, purifying exfoliating gel for combination to oily skin 100ml";BIODERMA
1353_0;'3661434000973;;'3661434000973;"Uriage Hyséac Gel Nettoyant 150 ml";URIAGE
1352_0;'3282770207828;;'3282770207828;"Avène Cleanance Cleanance Matifying care 40ml";AVENE
1348_0;'3282779310741;;'3282779310741;"Avène Antirougeurs Fort concentrated care 30ml";AVENE
1347_0;'3282770202267;;'3282770202267;"Ducray Kelual DS Squamo-reducing soothing cream for irritated skin 40ml";DUCRAY
1344_0;'3337872412516;;'3337872412516;"La Roche-Posay Effaclar Purifying Micellar Water 400ml";"LA ROCHE-POSAY"
1343_0;'3661434001628;;'3661434001628;"Uriage Hyséac Bi-stick";URIAGE
1332_0;'3331300097245;;'3331300097245;"Stérimar Blocked Nose 100ml";STERIMAR
1331_0;'3538893377468;;'3538893377468;"Vitry Cure Ears 1 Earpick";VITRY
1325_0;'3337872411830;;'3337872411830;"La Roche-Posay Toleriane Fluide nettoyant et démaquillant peaux sensibles à intolérantes 400ml";"LA ROCHE-POSAY"
1323_0;'3661434003431;;'3661434003431;"Uriage Roseliane Fluide Dermo-nettoyant 250 ml";URIAGE
1322_0;'3401579165584;;'3401579165584;"Bioderma Créaline H2O Lingettes démaquillantes visage et yeux peaux sensibles 25 unités";BIODERMA
1320_0;'3337872410314;;'3337872410314;"La Roche-Posay Demaquillant Physiologique Cleansing milk for sensitive skin 200ml";"LA ROCHE-POSAY"
1317_0;'3401345935922;;'3401345935922;"Bioderma Créaline Cleansing milk for face and eyes normal to combination sensitive skin 250ml";BIODERMA
1316_0;'3282779051491;;'3282779051491;"Avène Les Essentiels Gentle tonic lotion 200ml";AVENE
1315_0;'3433422401907;;'3433422401907;"La Roche-Posay Respectissime Démaquillant Yeux Waterproof 125ml";"LA ROCHE-POSAY"
1311_0;'3282779051378;;'3282779051378;"Avène Les Essentiels Gentle eye make-up remover for sensitive eyes and contact lens wearers 125ml";AVENE
1310_0;'3433422400047;;'3433422400047;"La Roche-Posay Toleriane Ultra Face and eye make-up remover for ultra-sensitive to allergic skin Sterile single doses 30 x 5ml";"LA ROCHE-POSAY"
1295_0;'3401543524867;;'3401543524867;"Bion3 Séniors Activateur de Vitalité 60 Comprimés";BION
1289_0;'3578835500523;;'3578835500523;"Arkopharma Arkocaps BIO Gingko x 45";ARKOPHARMA
1286_0;'3401343613730;;'3401343613730;"Bioderma Hydrabio moisturizing face mask sensitive dehydrated skin 75 ml";BIODERMA
1272_0;'3337871316600;;'3337871316600;"Vichy Dermablend Fond de teint fluide correcteur Tube 30ml - Teinte 25 NUDE";VICHY
1271_0;'3337871316617;;'3337871316617;"Vichy Dermablend Fond de teint fluide correcteur Tube 30ml - Teinte 35 SABLE";VICHY
1266_0;'3282779292238;;'3282779292238;"Avène Couvrance Stick Correcteur jaune masque les imperfections bleutées 3,5gr";AVENE
1265_0;'3282779292245;;'3282779292245;"Avène Couvrance Coral Concealer Stick masks brown colorations 3.5gr";AVENE
1259_0;'3760155210279;;'3760155210279;"Conceptio Homme 90 Capsules et 30 Sachets";Granions
1249_0;'3532678590769;;'3532678590769;"Tomydoo Mouche Bébé Electrique";Biosynex
1233_0;'3700343900087;;'3700343900087;"Saugella Natural Antiseptic Wipes X 10";ROTTAPHARM
1232_0;'3401373973026;;'3401373973026;"Saforelle Gentle Cleansing Care 100ml";SAFORELLE
1225_0;'3700343900131;;'3700343900131;"Saugella Polygin Rose Line Fragile or Dried Mucous membranes 10 Wipes";ROTTAPHARM
1224_0;'3700343900148;;'3700343900148;"Saugella Rose Line Gentle Cream 30ml";ROTTAPHARM
1223_0;'3401344235597;;'3401344235597;"Saforelle Mouse Ultra Gentle Cleansing 250ml";SAFORELLE
1217_0;'3700343900070;;'3700343900070;"Saugella Antiseptique 250 ml";ROTTAPHARM
1213_0;'3401365334248;;'3401365334248;"Saforelle Gentle Cleansing Care 250ml";SAFORELLE
1210_0;'8714789707419;;'8714789707419;"Elmex Junior Toothpaste 2 X 75ml";ELMEX
1207_0;'7610108019601;;'7610108019601;"Elmex Sensitive Professional Extra Soft Toothbrush x 2";ELMEX
1202_0;'7610108044573;;'7610108044573;"Meridol Safe Breath Mouthwash 400 ML";MERIDOL
1201_0;'7610108021789;;'7610108021789;"Meridol Soft Gum Protection Toothbrush x 2";MERIDOL
1198_0;'7610108053759;;'7610108053759;"Elmex Soft Beginner Toothbrush 0-3 years";ELMEX
1195_0;'4007965176203;;'4007965176203;"Elmex Sensitive Professional Extra Soft Toothbrush";ELMEX
1191_0;'4007965460104;;'4007965460104;"Meridol Gum Protection Toothpaste 2 x 75ml";MERIDOL
1189_0;'4007965460005;;'4007965460005;"Meridol Gum Protection Toothpaste 75ml";MERIDOL
1188_0;'3577056022005;;'3577056022005;"Elgydium Juniors Toothpaste Bubble Caries Protection 50ml 7/12 Years";"FABRE DENTAIRE"
1187_0;'3596206351567;;'3596206351567;"Weleda Organic Saline Toothpaste 75ml";WELEDA
1186_0;'5011111810186;;'5011111810186;"Clinomyn Toothpaste For Smokers 75ml";GILBERT
1180_0;'3094904500541;;'3094904500541;"Polident Anti-Bacterial Dental Appliance Cleaner 96 Tablets";Polident
1179_0;'3577056023446;;'3577056023446;"Inava Post-Op Toothbrush 7/100";"FABRE DENTAIRE"
1178_0;'3577057054425;;'3577057054425;"Elgydium Soft Interactive Toothbrush";"FABRE DENTAIRE"
1177_0;'3577057054159;;'3577057054159;"Inava Periodontics Toothbrush";"FABRE DENTAIRE"
1173_0;'8718951273184;;'8718951273184;"Elmex Dentifrice Sensitive 2 x 75 ml";ELMEX
1171_0;'3094907248952;;'3094907248952;"Parodontax Original Toothpaste 75ml";PARODONTAX
1170_0;'3577057054142;;'3577057054142;"Inava Toothbrush 25/100 Medium-hard";"FABRE DENTAIRE"
1169_0;'3577057054135;;'3577057054135;"Inava Toothbrush 20/100 Soft";"FABRE DENTAIRE"
1168_0;'3577057054128;;'3577057054128;"Inava Brosse à Dents Chirurgical 15/100";"FABRE DENTAIRE"
1167_0;'3577056004308;;'3577056004308;"Inava Dento-plate";"FABRE DENTAIRE"
1164_0;'3596206181102;;'3596206181102;"Weleda Pate Dentifrice Bio au Ratanhia 75 ml";WELEDA
1162_0;'3094907614986;;'3094907614986;"Parodontax Fluoride Gel Toothpaste 75ml";PARODONTAX
1161_0;'3661434004834;;'3661434004834;"Uriage Xémose Anti-irritation Lipid-Replenishing Cerate 200ml";URIAGE
1159_0;'3661434004841;;'3661434004841;"Uriage Xémose Crème Relipidante Anti-irritations 200 ml";URIAGE
1158_0;'3700281702361;;'3700281702361;"Topicrem Ultra-hydratant lait Corps 200 ML";TOPICREM
1154_0;'3337875552127;;'3337875552127;"La Roche-Posay Lipikar Lipid-replenishing body milk anti-dryness 48h 400ml";"LA ROCHE-POSAY"
1151_0;'4005800024146;;'4005800024146;"Eucerin Urearepair Plus Emollient 10% D'Urée 250 ml";EUCERIN
1149_0;'3282770104790;;'3282770104790;"A-Derma Cytelium Drying Lotion 100ml";A-DERMA
1145_0;'3596209530280;;'3596209530280;"Weleda Cold Cream Visage 30 ml";WELEDA
1142_0;'3596206332825;;'3596206332825;"Weleda Calendula Cream 75ml";WELEDA
1141_0;'4005800034541;;'4005800034541;"Eucerin Urearepair Plus Face Cream 5% Urea 50ml";EUCERIN
1140_0;'3401579462171;;'3401579462171;"Bioderma Créaline Fort soothing anti-inflammatory face cream care for sensitive skin 40 ml";BIODERMA
1138_0;'3401345935632;;'3401345935632;"Bioderma Créaline AR teintée, créme anti-rougeurs teintée 40 ml";BIODERMA
1136_0;'3282770204681;;'3282770204681;"Avène Cicalfate+ Protective repair cream for sensitive and irritated skin 100ml";AVENE
1132_0;'3337872413575;;'3337872413575;"La Roche-Posay Nutritic Intense Crème riche nutri-reconstituante profonde peaux très sèches 50ml";"LA ROCHE-POSAY"
1129_0;'3282779002721;;'3282779002721;"Avène Cold Cream Crème nourrissante, hydratante, protectrice 100ml";AVENE
1125_0;'3534190002010;;'3534190002010;"Friction de Foucaud Energizing Body Lotion 250ml";Foucaud
1120_0;'3264680009785;;'3264680009785;"Nuxe Prodigious Gold Oil 50ml";Nuxe
1118_0;'3401343926755;;'3401343926755;"Puressentiel Assainissant - Spray Aux 41 Huiles Essentielles 200 ML";Puressentiel
1096_0;'3760155210446;;'3760155210446;"Granions de Chrome 200 µg/j 30 Ampoules";Granions
1094_0;'3760155210200;;'3760155210200;"Iron Granions 30 Phials";Granions
1091_0;'3337872411403;;'3337872411403;"La Roche-Posay Physiological Scrub Superfine exfoliating sensitive skin 50ml";"LA ROCHE-POSAY"
1087_0;'3401546697346;;'3401546697346;"Mediflor Oropolis Pastilles Adoucissantes à Sucer x 20";Mediflor
1085_0;'3401543362636;;'3401543362636;"Bion3 Defense 60 Tablets";BION
1073_0;'3578835502671;;'3578835502671;"Arkopharma Arkocaps BIO Echinacea x 45";ARKOPHARMA
1072_0;'3578835501216;;'3578835501216;"Arkopharma Arkocaps BIO Propolis x 40";ARKOPHARMA
1064_0;'3700221314623;;'3700221314623;"Forté Pharma Vitalité 4G Dynamisant 20 Ampoules + 10 offertes";"FORTE PHARMA"
1057_0;'3522930003687;;'3522930003687;"Caudalie Organic Draining Herbal Teas 30 G x 20 sachets";CAUDALIE
1045_0;'3433425000657;;'3433425000657;"Vichy Homme 48H roll-on deodorant anti-irritation 2 x 50ml";VICHY
1044_0;'3337871320331;;'3337871320331;"Vichy Homme Ultra-Fresh Spray Deodorant 100ml";VICHY
1043_0;'3337871320362;;'3337871320362;"Vichy Homme Déodorant Contrôle Extrême 50 ml";VICHY
1042_0;'3337871320379;;'3337871320379;"Vichy Homme Déodorant Peaux Sensibles 50 ml";VICHY
1040_0;'3282779417051;;'3282779417051;"Klorane Depilatory Cold Wax Strips with Sweet Almond Legs 6 Double Strips";KLORANE
1038_0;'3282779417075;;'3282779417075;"Klorane Depilatory Strips of cold wax with sweet almond Face and sensitive areas";KLORANE
1037_0;'3337872412134;;'3337872412134;"La Roche-Posay Deodorant Sensitive Skin 24H 40g";"LA ROCHE-POSAY"
1036_0;'3433425003979;;'3433425003979;"La Roche-Posay Deodorant Sensitive Skin 24H 2 x 50ml";"LA ROCHE-POSAY"
1035_0;'3337872412158;;'3337872412158;"La Roche-Posay Deodorant Sensitive Skin 24H Roll-On 50ml";"LA ROCHE-POSAY"
1034_0;'3433425003986;;'3433425003986;"La Roche-Posay Deodorant Sensitive Skin 48H Lot 2 x 150ml";"LA ROCHE-POSAY"
1033_0;'3337872412141;;'3337872412141;"La Roche-Posay Sensitive Skin Deodorant 48H 150ml";"LA ROCHE-POSAY"
1024_0;'3433425001005;;'3433425001005;"Vichy Deodorant 24H active anti-odor of natural origin - Stick 2 x 40 ml";VICHY
1023_0;'3337871320447;;'3337871320447;"Vichy Déodorant 24H actif anti-odeur d'origine naturelle - Stick 40 ml";VICHY
1022_0;'3337871320324;;'3337871320324;"Vichy 48h antiperspirant deodorant - roll-on - Sensitive skin 50ml";VICHY
1020_0;'3337871310592;;'3337871310592;"Vichy 48H Anti-Perspirant Deodorant - Aerosol 125 ml";VICHY
1011_0;'3401363896199;;'3401363896199;"Etiaxil Antiperspirant Feet Lotion 100ml";COOPER
1004_0;'3337871310783;;'3337871310783;"Vichy Fruity Deodorant Spray 100ml";VICHY
1003_0;'3337871324728;;'3337871324728;"Vichy 48H Anti-Perspirant Deodorant - Roll-On Sensitive Skin 2 x 50ml";VICHY
981_0;'3401345935861;;'3401345935861;"Bioderma Créaline Yeux, moisturizing gel-cream for the eyes 15 ml";BIODERMA
980_0;'3282779051361;;'3282779051361;"Avène Les Essentiels Soin apaisant contour des yeux 10ml";AVENE
976_0;'3525727539499;;'3525727539499;"Color & Soin 6B Marron Cacao";"LES 3 CHENES"
975_0;'3525727539505;;'3525727539505;"Color & Soin 5B Marron Chocolat";"LES 3 CHENES"
974_0;'3525720003904;;'3525720003904;"Color & Soin 4N Chatain Naturel";"LES 3 CHENES"
972_0;'3525727539338;;'3525727539338;"Color & Soin 10N Platinum Blonde";"LES 3 CHENES"
971_0;'3525727539413;;'3525727539413;"Color & Soin 5G Light Golden Chestnut";"LES 3 CHENES"
970_0;'3525727539383;;'3525727539383;"Color & Soin 4M Chestnut Mahogany";"LES 3 CHENES"
969_0;'3525727539406;;'3525727539406;"Color & Soin 7M Mahogany Blonde";"LES 3 CHENES"
967_0;'3525727539482;;'3525727539482;"Color & Soin 7C Blond Terre Cuivre";"LES 3 CHENES"
966_0;'3525727539345;;'3525727539345;"Color & Soin 6N Dark Blonde";"LES 3 CHENES"
965_0;'3525727539420;;'3525727539420;"Color & Soin 6G Dark Golden Blonde";"LES 3 CHENES"
964_0;'3525727539291;;'3525727539291;"Color & Soin 5N Light Chestnut";"LES 3 CHENES"
962_0;'3525727539468;;'3525727539468;"Color & Soin 9R Rouge Feu";"LES 3 CHENES"
961_0;'3525727539321;;'3525727539321;"Color & Soin 9N Honey Blonde";"LES 3 CHENES"
960_0;'3525727539314;;'3525727539314;"Color & Soin 8N Wheat Blonde";"LES 3 CHENES"
958_0;'3525727539369;;'3525727539369;"Color & Soin 8C Blond Cuivre";"LES 3 CHENES"
957_0;'3525727539352;;'3525727539352;"Color & Soin 8A Blond Cendré";"LES 3 CHENES"
955_0;'3525727539284;;'3525727539284;"Color & Soin 3N Chatain Fonce";"LES 3 CHENES"
954_0;'3525727539277;;'3525727539277;"Color & Soin 1N Noir Ebene";"LES 3 CHENES"
953_0;'3525720003928;;'3525720003928;"Color & Soin 11A Ash Sand Blonde";"LES 3 CHENES"
951_0;'3525727539475;;'3525727539475;"Color & Soin 10A Light Ash Blonde";"LES 3 CHENES"
944_0;'3596206529621;;'3596206529621;"Weleda Baby diaper cream with Calendula 75 ML";WELEDA
943_0;'3701129801987;;'3701129801987;"Bioderma ABCDerm H2O micellar cleansing water baby and children dry skin 1000 ml";BIODERMA
941_0;'3282770208702;;'3282770208702;"Klorane Ortie Shampoing sec séboréducteur à l'Ortie L'original Cheveux gras 150ml";KLORANE
937_0;'3282770109290;;'3282770109290;"Ducray Sabal Shampooing traitant séboréducteur purifiant cheveux gras 200 ml";DUCRAY
935_0;'3282770141931;;'3282770141931;"Klorane Hair Shampoo With Nettle 400ml";KLORANE
905_0;'5060062996227;;'5060062996227;"Lansinoh Breastfeeding HPA Lanolin Cream 40ml";LANSINOH
898_0;'3282770073041;;'3282770073041;"Avène - Sunscreen - Moisturizing self-tanner - Satin face and body jelly 100 ml";AVENE
896_0;'3433422407909;;'3433422407909;"La Roche-Posay Posthelios Gel Fondant Après-Soleil 200ml";"LA ROCHE-POSAY"
892_0;'3596209532543;;'3596209532543;"Weleda Rosehip Smoothing Night Cream 30ml";WELEDA
891_0;'3596209532581;;'3596209532581;"Weleda Rosehip Smoothing Day Cream 30ml";WELEDA
884_0;'3522930003182;;'3522930003182;"Caudalie Beauty Water - 30ml";CAUDALIE
883_0;'3522930003199;;'3522930003199;"Caudalie Beauty Water - 100ml";CAUDALIE
880_0;'4005800017193;;'4005800017193;"Eucerin Sensi-Rides Soin Anti-Rides Jour Crème 50 ml";EUCERIN
874_0;'3323030000411;;'3323030000411;"Coup d'Eclat Ampoules Lifting 1 ml x 3";ASEPTA
865_0;'3337872411991;;'3337872411991;"La Roche-Posay Effaclar Gel moussant purifiant 400ml";"LA ROCHE-POSAY"
862_0;'3518646266638;;'3518646266638;"Physiological Serum 40 Unidoses of 5ml";GILBERT
858_0;'3401399372926;;'3401399372926;"Bioderma Atoderm Shower gel, gentle soap-free shower gel 1000 ml";BIODERMA
857_0;'3578835503791;;'3578835503791;"Arkopharma Arkocaps BIO Red yeast rice x120";ARKOPHARMA
855_0;'3578835503180;;'3578835503180;"Arkopharma Arkocaps BIO Artichoke x130 gel";ARKOPHARMA
853_0;'3578835503975;;'3578835503975;"Arkopharma Arkogélules Oméga 3 x180 + 60 offerts";ARKOPHARMA
850_0;'3578835504125;;'3578835504125;"Arkopharma Arkocaps Bio Spirulina Eco Pack";ARKOPHARMA
848_0;'3578835503883;;'3578835503883;"Arkopharma Arkocaps Bio Saffron x30cp";ARKOPHARMA
846_0;'3578835503999;;'3578835503999;"Arkopharma Arkogélules Reine des Prés Bio x45";ARKOPHARMA
827_0;'3264680009778;;'3264680009778;"Nuxe Huile Prodigieuse Or 100 ml";Nuxe
713_0;';;'3100000007133;"RADIESSE 1.5ml Lidocaine";MERZ
710_0;';;'3100000007102;"HarmonyCA -  Allergan";
709_0;';;'3100000007096;"CELLBOOSTER LIFT - Suiselle";
708_0;';;'3100000007089;"CELLBOOSTER HAIR - Suiselle";
707_0;';;'3100000007072;"CELLBOOSTER GLOW - Suiselle";
706_0;';;'3100000007065;"CELLBOOSTER SHAPE - Suiselle";
705_0;';;'3100000007058;"Salicylic Removing 20x5 ml - MCCM";mccm
704_0;';;'3100000007041;"K-LINFO 60ml - Simildiet";
703_0;';;'3100000007034;"Sérum Out Peau Nette";
702_0;';;'3100000007027;"Sérum Out Anti-Âge";
696_0;'9999900020267;'30049000;'3100000006969;"RESTYLANE Eyelight 0,5ml - GALDERMA";Galderma
695_0;';;'3100000006952;"XR Magic Cellular - MCCM";mccm
694_0;';;'3100000006945;"XR Lips Performance - MCCM";mccm
693_0;';;'3100000006938;"Circle Contour - MCCM";mccm
691_0;';;'3100000006914;"Hyaluronic Peptide Repair 30ml - MCCM";mccm
690_0;';;'3100000006907;"Collagenase 5x1500 U.I. - MCCM";mccm
689_0;';;'3100000006891;"PDRN + HYALURONIC ACID 2% 5x5ml - MCCM";mccm
688_0;';;'3100000006884;"PDRN + HYALURONIC ACID 1% 5x5ml - MCCM";mccm
687_0;';;'3100000006877;"PDRN 5x1500 U.I. - MCCM";mccm
685_0;';;'3100000006853;"DESIRIAL - Eau de toilette pour femme 100ml | Vivacy";VIVACY
684_0;';;'3100000006846;"Monsieur Skin Care - Sérum Anti-Rides Lissant | Vivacy";VIVACY
683_0;';;'3100000006839;"Monsieur Skin Care - Soin Anti-Âge Global 50 ml | Vivacy";VIVACY
682_0;';;'3100000006822;"Monsieur Skin Care - Gel Apaisant Instantané 50ml | Vivacy";VIVACY
681_0;';;'3100000006815;"DESIRIAL - Eau de toilette pour homme 100ml| Vivacy";VIVACY
680_0;';;'3100000006808;"AGE REBOOST - Crème Restructurante Anti-Âge | Vivacy";VIVACY
679_0;';;'3100000006792;"HYDRA TOUCH - Crème Hydratante Intense | Vivacy";VIVACY
678_0;';;'3100000006785;"fond de teint à l'acide hyaluronique MISSCOP";
678_33;';;'3100006780337;"fond de teint à l'acide hyaluronique MISSCOP (naturel)";
678_34;';;'3100006780344;"fond de teint à l'acide hyaluronique MISSCOP (Beige-pink)";
678_35;';;'3100006780351;"fond de teint à l'acide hyaluronique MISSCOP (beige)";
678_37;';;'3100006780375;"fond de teint à l'acide hyaluronique MISSCOP (half beige)";
678_38;';;'3100006780382;"fond de teint à l'acide hyaluronique MISSCOP (golden beige)";
678_39;';;'3100006780399;"fond de teint à l'acide hyaluronique MISSCOP (honey)";
678_40;';;'3100006780405;"fond de teint à l'acide hyaluronique MISSCOP (caramel)";
678_41;';;'3100006780412;"fond de teint à l'acide hyaluronique MISSCOP (almond)";
677_0;';;'3100000006778;"CELL SHOT - Sérum Régénérant Cellulaire | Vivacy";VIVACY
675_0;';;'3100000006754;"MIST - Eau de Soin Rafraîchissante | Vivacy";VIVACY
674_0;';;'3100000006747;"EYE ULTIM’ LIFT - Soin Regard Liftant | Vivacy";VIVACY
672_0;';;'3100000006723;"URBAN RESIST’ - Bouclier Urbain Multi-Défenses 50ml | Vivacy";VIVACY
670_0;';;'3100000006709;"AQUA LISS’ HA - Masque Hydratant Repulpant 8ml | Vivacy";VIVACY
670_42;';;'3100006700427;"AQUA LISS’ HA - Masque Hydratant Repulpant 8ml | Vivacy (Box of 5 masks)";VIVACY
670_43;';;'3100006700434;"AQUA LISS’ HA - Masque Hydratant Repulpant 8ml | Vivacy (1 mask)";VIVACY
665_0;';;'3100000006655;"Xtra Cream Skin Firming 250ml - Simildiet";
662_0;';;'3100000006624;"DIVES Fine Line Lidocaine 1ml";
660_0;';;'3100000006600;"DIVES LIPS Lidocaine 2X1ml";
658_0;';;'3100000006587;"Masques régénérant pour lèvres  - Croma";Croma
654_0;';;'3100000006549;"Farewell Oily Skin pour peaux grasses 30ml - Croma";Croma
652_0;';;'3100000006525;"Farewell peau irritée 30ml - Croma";Croma
651_0;';;'3100000006518;"Farewell peau sèche 30ml - Croma";Croma
648_0;';;'3100000006488;"Red Peel 1 - MCCM";mccm
647_0;';;'3100000006471;"Red Peel 3 - MCCM";mccm
643_0;';;'3100000006433;"Limpiador 2&1 200ml - MCCM";mccm
642_0;';;'3100000006426;"BTX Gold Cream - MCCM";mccm
641_0;';;'3100000006419;"Post Peeling Mask – MCCM";mccm
640_0;';;'3100000006402;"Organic Silicon 1 % (20X2ml) - Simildiet";
639_0;';;'3100000006396;"Meso Cafeine 2,5 % - Simildiet";
638_0;';;'3100000006389;"Idebenone 5x5ml - Simildiet";
637_0;';;'3100000006372;"Xtra Skin Lightening Serum - Simildiet";
636_0;';;'3100000006365;"Xtra Skin Repair Serum - Simildiet";
634_0;';;'3100000006341;"Xtra Cream Lightening - Simildiet";
633_0;';;'3100000006334;"Xtra Cream Skin Firming 50ml - Simildiet";
632_0;';;'3100000006327;"Xtra Cream Skin Repair 50ml - Simildiet";
631_0;';;'3100000006310;"Xtra Facelift 3x5ml - Simildiet";
629_0;';;'3100000006297;"Xtra Skin Firming 5x5ml - Simildiet";
628_0;';;'3100000006280;"Xtra Skin Repair 5x5ml - Simildiet";
627_0;';;'3100000006273;"Gel V-Tightening 30 ml – MCCM";mccm
626_0;';;'3100000006266;"T35P 5x10ml - MCCM";mccm
622_0;';;'3100000006228;"Masque visage au thé vert - Croma";Croma
621_0;';;'3100000006211;"Masque visage régénérant à l'acide hyaluronique - Croma";Croma
620_0;';;'3100000006204;"Elure Crème de nuit éclaircissante avancée 60ml - Croma";Croma
619_0;';;'3100000006198;"Elure Advanced Lotion Eclaircissante 45ml - Croma";Croma
618_0;';;'4051123000107;"Elure Nettoyage du visage Advance 100ml - Croma";Croma
612_0;';;'3100000006129;"Fils tenseurs PDO Barb II Anchor 19G 100 mm - Croma";Croma
611_0;';;'3100000006112;"Fils tenseurs PDO Barb II 4D 20G 60 mm - Croma";Croma
610_0;';;'3100000006105;"Fils tenseurs PDO Barb II 4D 20G 90 mm - Croma";Croma
609_0;'9999900009361;;'3100000006099;"Fils tenseurs PDO Barb II 21G 60 mm - Croma";Croma
608_0;'9999900009224;;'3100000006082;"Fils tenseurs PDO Barb II 21G 90 mm - Croma";Croma
607_0;';;'3100000006075;"Fils tenseurs PDO Barb II 23G 60 mm - Croma";Croma
606_0;';;'3100000006068;"Fils tenseurs PDO Barb II 23G 90 mm - Croma";Croma
604_0;';;'3100000006044;"Fils tenseurs PDO Screw 27G 50 mm - Croma";Croma
603_0;';;'3100000006037;"Fils tenseurs PDO Screw 26G 60 mm - Croma";Croma
602_0;';;'3100000006020;"Fils tenseurs PDO Basic 31G 30 mm - Croma";Croma
601_0;';;'3100000006013;"Fils tenseurs PDO Basic 29G 40 mm - Croma";Croma
599_0;';;'3100000005993;"Fils tenseurs PDO Basic 27G 60 mm - Croma";Croma
597_0;'9999900019452;;'3100000005979;"Saypha Volume Plus lidocaine 1ml - Croma (Ex Princess Volume Plus Lido)";Croma
596_0;'9999900019445;;'3100000005962;"Saypha Volume Lidocaine 1ml - Croma (Ex Princess Volume Lido)";Croma
589_0;';;'3100000005894;"DIVES MANDELIC PEEL 40%";
587_0;';;'3100000005870;"DIVES Glycolic Peel 35%";
583_0;';;;"DIVES HYDRA Toner 500ml";
582_0;';;'3100000005825;"DIVES FERULIC PEEL";
581_0;';;;"DIVES LACTIC PEEL";
580_0;';;'3100000005801;"DIVES RICH HAIR 1x5ml";
577_0;';;'3100000005771;"DIVES VITAMIN-C 20% 10x10ml";
576_0;';;;"DIVES Artichoke Complex 1x10ml";
575_0;';;;"DIVES Artichoke Complex 10x10ml";
573_0;';;'3100000005733;"DIVES DeHyal+ Hyaluronidase 1500 IU";
573_44;';;'3100005730449;"DIVES DeHyal+ Hyaluronidase 1500 IU (1 flacon)";
573_45;';;'3100005730456;"DIVES DeHyal+ Hyaluronidase 1500 IU (10 flacons)";
572_0;';;'3100000005726;"DIVES Organic Silicon 10x10ml";
571_0;';;'3100000005719;"DIVES Organic Silicon + DMAE 10x10ml";
570_0;';;'3100000005702;"DIVES Argireline Peptide 10% 10x10ml";
569_0;';;;"DIVES Multi-Vitamin Complex 10x10ml";
568_0;';;;"DIVES Pink Age 10x5ml";
567_0;';;'3100000005672;"DIVES QPeel 5ml";
566_0;'4251871102706;;;"DIVES QPeel 4x5ml";
565_0;';;'3100000005658;"DIVES PEELING GLOW-X9 5x4ml";
563_0;';;'3100000005634;"DIVES Anti-Age Soft Peel";
561_0;';;'3100000005610;"DIVES Hydra Royal 3X1ml";
560_0;';;'3100000005603;"DIVES CELLUSHOOCK+ (10 X 10 ml)";
559_0;'9999900019308;;'3100000005597;"DIVES WRINKLEOUT Ha+ 10x5ml (restaure rapidement peaux matures et endommagées)";
557_0;';;;"DIVES Ginkgo Biloba 10 ml";
556_0;';;'3100000005566;"DIVES LipGLAM X6 5ml";
552_0;'9999900019179;;'3100000005528;"Stylage Lips plus 20 mg - VIVACY Paris";VIVACY
548_0;';;'3100000005481;"SILICON ORGANIQUE + DMAE 20x5ml - MCCM";mccm
547_0;'8436529982411;;'3100000005474;"PACK CHAMPAGNE - MCCM";mccm
543_0;';;'3100000005436;"Red Peel 5 - MCCM";mccm
542_0;';;;"Whitening peel 100ml - MCCM";mccm
541_0;';;'3100000005412;"DIVES Facteur de croissance + Acide Ferulique et EQ-10  10x10ml";
539_0;'9999900018943;;;"DIVES EYEBAG 10x5ml";
538_0;';;;"DIVES ACNEOUT 10x5ml";
537_0;';;'3100000005375;"DIVES ACNEOUT 5ml";
535_0;';;;"DIVES MED BTX 10x5ml";
532_0;'9999900020410;;;"DIVES Skinrepair 10x5ml";
531_0;'9999900020489;;'3100000005313;"Dives Eyelines 1x5ml";
530_0;'9999900019100;;;"Dives Eyelines 10x5ml";
526_0;'9999900019254;;'3100000005269;"DIVES LIPS 1ml";
522_0;';;;"DIVES FILLER UNIVERSAL 1ml";
517_0;';;'3100000005177;"ME LINE 01 DARK CIRCLES PEELING";
516_0;';;'3100000005160;"ME LINE 02 DARK CIRCLES";
513_0;';;'3100000005139;"ME LINE 03 RESTORE";
512_0;';;'3100000005122;"ME LINE 02 SPOTS";
511_0;';;'3100000005115;"ME LINE 01 SPOTS PEELING";
507_0;';;'3100000005078;"ME LINE 01 - PEELING PEAU ETHNIQUE";
506_0;';;'3100000005061;"ME LINE 01 - PEELING PEAU CAUCASIENNE";
499_0;';;'3100000004996;"Hyaluronidase 4x500 IU";
497_0;';;'3100000004972;"ME LINE 05 PIGMENT HOME MASK";
493_0;';;'3100000004934;"ME LINE 02 PEAU CAUCASIENNE NIGHT";
492_0;';;'3100000004927;"ME LINE 02 PEAU ETHNIQUE DAY";
491_0;';;'3100000004910;"ME LINE 02 PEAU CAUCASIENNE DAY";
490_0;';;'3100000004903;"ME LINE 01 - PEELING & PREP PEAU ETHNIQUE";
489_0;';;'3100000004897;"ME LINE 01 - PEELING & PREP PEAU CAUCASIENNE";
487_0;';;'3100000004873;"Profhilo h+L";IBSA
482_0;'8436529981759;;'3100000004828;"PACK PEELING GLYCOLIQUE 30% - MCCM : Excellent catalyseur pour rajeunir la peau";mccm
481_0;';;'3100000004811;"SERINGUE 3DOSE BTX UNIT DOSE INJECTOR";"Vlow Medical"
474_0;';;'3100000004743;"REVOLAX SUB-Q Lidocaine 1,1ml";REVOLAX
473_0;'8809427070182;;'3100000004736;"REVOLAX Deep Lidocaine 1,1ml";REVOLAX
471_0;'8809427070175;;'3100000004712;"REVOLAX Fine Lidocaine 1,1ml";REVOLAX
470_0;';;'3100000004705;"JUVEDERM ULTRA SMILE (2X0,55ML)";Juvederm
467_0;';;'3100000004675;"Hyacorp MLF 1 Body Contouring 10ml – BIOSCIENCE";HYACORP
463_0;';;'3100000004637;"HYAcorp Face 2x2ml – BIOSCIENCE";HYACORP
457_0;';;'3100000004576;"Anti-Acne Peel 50ml - L'Esthetic Paris";"LESTHETIC PARIS "
454_0;';;'3100000004545;"Dermhage Fine Touch 1x1ml - L'Esthetic Paris";"LESTHETIC PARIS "
452_0;"'Dermhage Full Face";;'3100000004521;"Dermhage Full Face - L'ESTHETIC PARIS";"LESTHETIC PARIS "
451_0;';;'3100000004514;"MESOFILLER+ 5x5ml - L'ESTHETIC Paris";"LESTHETIC PARIS "
450_0;';;'3100000004507;"SLIM BODY MESO 5x5ml - L'ESTHETIC Paris";"LESTHETIC PARIS "
448_0;';;'3100000004484;"HAIR REVITALIZER MESO 5x5ml - L'ESTHETIC Paris";"LESTHETIC PARIS "
446_0;"'Skinlight  Meso";;'3100000004460;"Skinlight Meso 5x5ml - L'ESTHETIC Paris";"LESTHETIC PARIS "
436_0;';;'3100000004361;"MESORAM NEEDLES 33G/0.20x12 MM";Mesoram
435_0;';;'3100000004354;"MESORAM NEEDLES 33G/0.2x12 MM";Mesoram
433_0;'9999900013894;;'3100000004330;"Hyamira Forte";"HYAMIRA "
387_0;';;'3100000003876;"MESORAM NEEDLES 27G/0.4x12 MM Extra Fine";Mesoram
386_0;';;;"MESORAM NEEDLES 27G/0.4x4 MM";Mesoram
384_0;';;'3100000003845;"MESORAM NEEDLES 30G/0.3x13 MM";Mesoram
383_0;';;'3100000003838;"MESORAM NEEDLES 30G/0.3x25 MM";Mesoram
381_0;';;'3100000003814;"MESORAM NEEDLES 30G/0.3x6 MM";Mesoram
380_0;';;'3100000003807;"MESORAM NEEDLES 30G/0.3x13 MM Ultra fine";Mesoram
378_0;';;'3100000003784;"MESORAM NEEDLES 32G/0.23x6 MM";Mesoram
377_0;';;'3100000003777;"MESORAM NEEDLES 32G/0.3x12 MM";Mesoram
376_0;';;'3100000003760;"MULTI-INJECTEUR CIRCULAIRE 5 AIGUILLES 27Gx4 MM";Mesoram
375_0;';;;"MULTI-INJECTEUR LINÉAIRE 5 AIGUILLES 30Gx6 MM";Mesoram
374_0;';;'3100000003746;"MULTI-INJECTEUR LINÉAIRE 5 AIGUILLES 30Gx4 MM";Mesoram
373_0;';;;"MULTI-INJECTEUR CIRCULAIRE 7 AIGUILLES 30Gx4 MM";Mesoram
372_0;';;'3100000003722;"MULTI-INJECTEUR CIRCULAIRE 5 AIGUILLES 30Gx4 MM";Mesoram
369_0;'9999900020465;'30049000;'3100000003692;"RESTYLANE Lyft 1x1ml - GALDERMA";Galderma
368_0;'9999900002829;;'7426775806884;"RESTYLANE 1x1ml - GALDERMA";Galderma
367_0;';;'3100000003678;"JUVEDERM VOLUX (2x1ml)";Juvederm
365_0;'9999900004526;;'3100000003654;"Stylage Special Lips Lidocaine (1x1ml) - VICACY";VIVACY
361_0;'9999900017908;;'3100000003616;"COLLAGÈNE MARIN ANTI-AGE À BOIRE (10x50ml) -  HYAMIRA";"HYAMIRA "
360_0;'974158483;;;"MASQUES HYAMIRA COLLAGÈNE Post injection & post peel";"HYAMIRA "
358_0;'9999900020441;;'3100000003586;"HYAMIRA 20 MG ( 2ML)";"HYAMIRA "
353_0;';;'3100000003531;"ARTICHOKE 20x2ml - SIMILDIET";
351_0;"'MESOPEEL FÉRULIQUE";;'3100000003517;"MESOPEEL FÉRULIQUE contre les défauts pigmentaires et cutanés - SIMILDIET";Simildiet
342_0;';;'3100000003425;"MUSCLEBIG 20x2ml - SIMILDIET";
340_0;';;'3100000003401;"METABOLITES REDUCTOR 20x2ml - SIMILDIET";
339_0;';;'3100000003395;"Xtra Lightening Cocktail Meso 5x5ml - SIMILDIET";
337_0;';;'3100000003371;"FACE ANTI-AGING CREAM XTRA 50 ML - SIMILDIET";
336_0;"'LIGHTENING PEEL";;'3100000003364;"LIGHTENING PEEL - SIMILDIET";Simildiet
334_0;';;'3100000003340;"DNA 3 (20x2ml) - SIMILDIET";
330_0;';;'3100000003302;"Serum Xtra Face Anti Aging 50ml - Simildiet";
327_0;';;'3100000003272;"Ginkgo Biloba 4% 20 x 2ml - MCCM";mccm
326_0;';;'3100000003265;"Chondroitin Mesoplus 20 x 2ml - MCCM";mccm
324_0;';;'3100000003241;"Vitamine A 20x2ml - MCCM";mccm
322_0;';;'3100000003227;"Vitamine C 20% 20x5ml -  MCCM";mccm
321_0;';;'3100000003210;"PEELING ACIDE LACTIQUE 45% - 100ML";mccm
320_0;';;'3100000003203;"Vitamine C 20% 20x2ml -  MCCM";mccm
319_0;';;'3100000003197;"PEELING ACIDE MANDELIQUE 45% 100 ML - MCCM";mccm
318_0;';;'3100000003180;"PEELING ACIDE GLYCOLIQUE 30% 100ML - MCCM";mccm
317_0;';;'3100000003173;"DMAE 3% (effet tenseur et raffermissant) 20x5ml - MCCM";mccm
314_0;';;'3100000003142;"PEELING PYRUVIQUE 20% 100 ML - MCCM";mccm
313_0;';;'3100000003135;"PEELING LIFTING  (Biorevitalisation) 100 ML - MCCM";mccm
306_0;';;'3100000003067;"Hyaluronic Acid 2% 5x5ml - MCCM";mccm
305_0;';;'3100000003050;"PEELING TCA 10% + retinoic acid 10% - PURPLE PEEL 1";mccm
304_0;';;'3100000003043;"Hyaluronic Acid 3.5% 5x5ml - MCCM";mccm
302_0;';;'3100000003029;"Hyaluronic Acid 1% 5x5ml - MCCM";mccm
300_0;';;'3100000003005;"Biphasic 2&1 200ml Normal/Dry Skin - MCCM";mccm
299_0;';;'3100000002992;"PEELING TCA 20% + retinoic acid 35% - PURPLE PEEL 4 (MCCM)";mccm
297_0;';;'3100000002978;"SILICIUM ORGANIQUE 20x5ml - MCCM";mccm
296_0;';;'3100000002961;"Melano WHITENING Cream 30g - MCCM";mccm
294_0;';;'3100000002947;"Neutralizing Spray 200ml - MCCM";mccm
291_0;';;'3100000002916;"WITHENING PEEL (Depigmentant) -100 ML";mccm
288_0;';;'3100000002886;"PEELING JESSNER  100 ML - MCCM";mccm
286_0;'8436529982725;;'3100000002862;"VITAMINES AEC 20 x 5ml - MCCM";mccm
285_0;';;'3100000002855;"Oligoelements 20 x 5 ml - MCCM";mccm
284_0;';;'3100000002848;"Asian Centella 20 x 5ml - MCCM";mccm
282_0;';;'3100000002824;"Phosphatidylcholine 5% 100 x 2ml - MCCM";mccm
278_0;';;'3100000002787;"MELILOTUS 20 x 2 ml - MCCM";
277_0;';;'3100000002770;"DNA MESO (stimulates cell regeneration and connective tissue) 5 x 5ml - MCCM";mccm
276_0;';;'3100000002763;"DNA MESO GEL 20 x 2.5ml - MCCM";mccm
275_0;'8437008109565;;'3100000002756;"Artichoke 20 x 5ml - MCCM";mccm
274_0;'8437008109121;;'3100000002749;"Artichoke 100 x 5ml - MCCM";mccm
273_0;';;'3100000002732;"Caféine 10% 20 x 1ml - MCCM";mccm
272_0;';;'3100000002725;"Caféine 10% 100 x 1ml - MCCM";mccm
271_0;';;'3100000002718;"L CARNITINE 20x5ml - MCCM";mccm
270_0;';;'3100000002701;"L-CARNITINE 100 x 5ml - MCCM";mccm
269_0;';;'3100000002695;"LAURETH 0.5 % 20 x 2ml - MCCM";mccm
268_0;';;'3100000002688;"Dexpanthenol 20x5ml - MCCM";mccm
267_0;';;'3100000002671;"Biotine Hixidrin 20 x 2ml - MCCM";mccm
265_0;';;'3100000002657;"Melano Out 5x10ml - MCCM";mccm
264_0;';;'3100000002640;"Lipo Firming 5x10ml - MCCM";mccm
263_0;';;'3100000002633;"Skin repair Meso 10x5ml - MCCM";mccm
262_0;'8436529983692;;'3100000002626;"Fat Burner Meso Cocktails 5x10ml - MCCM";mccm
260_0;';;'3100000002602;"Out Contour 5x10ml - MCCM";mccm
259_0;';;'3100000002596;"Whitening Meso Cocktail MCCM 10 x 5ml";mccm
258_0;';;'3100000002589;"Hair Cocktail 5x10ml - MCCM";mccm
257_0;';;'3100000002572;"ANTIAGING COCKTAIL 5x10ml - MCCM";mccm
256_0;';;'3100000002565;"CLH Lipase 5x10ml - MCCM";mccm
255_0;'8437008109633;;'3100000002558;"CELLULITE COCKTAIL (meso) 10x5 ml - MCCM";mccm
254_0;'8436529983647;;'3100000002541;"CELLULITE COCKTAIL (meso) 5x10ml - MCCM";
253_0;'8436529982381;;'3100000002534;"B-Complex vitamines - MCCM";mccm
252_0;'8437008109985;;'3100000002527;"CELLESTABYL Anti cellulite (double chin localized cellulite)- MCCM";mccm
247_0;';;'3100000002473;"MELANO OUT CRÈME - MCCM";
246_0;';;'3100000002466;"COLLAGÈNE ANTI-AGE À BOIRE - MCCM";mccm
245_0;';;;"PEELING GLUTATHION 100ml - MCCM";mccm
243_0;';;'3100000002435;"CRÈME ATOPICAL - MCCM";mccm
241_0;';;'3100000002411;"CRÈME PORESREPAIR";mccm
228_0;';;'3100000002282;"Crème VLIFTING - MCCM";
225_0;';;'3100000002251;"CREME A L'ARGIRELINE ANTI RIDE - MCCM";mccm
222_0;';;'3100000002220;"Peeling K33P - MCCM";mccm
221_0;'8436529983968;;;"A20P Peeling 10x5ml - MCCM";mccm
218_0;';;'3100000002183;"MASQUE ANTI AGE CONTOUR DES YEUX - MCCM";mccm
216_0;';;'3100000002169;"Facial Tonic 200ml - MCCM";
208_0;'8436529981070;;'3100000002084;"PACK BTX GOLD - MCCM";mccm
203_0;'9999900014778;;'3100000002039;"HYAMIRA SOFT 1ML";"HYAMIRA "
195_0;';;'3100000001957;"JUVEDERM VOLITE (2x1ml)";Juvederm
173_0;';;'3100000001735;"NEAUVIA Organic Stimulate 1ml";NEAUVIA
172_0;';;'3100000001728;"Neauvia Organic Intense Rhéology 1ml";NEAUVIA
171_0;';;'3100000001711;"NEAUVIA Organic Intense Lips 1ml";NEAUVIA
170_0;';;'3100000001704;"NEAUVIA Organic Intense LV 1ml";NEAUVIA
168_0;';;'3100000001681;"NEAUVIA Organic Intense 1ml";NEAUVIA
150_0;';;'3100000001506;"BELOTERO Volume";MERZ
149_0;';;'3100000001490;"BELOTERO Intense";MERZ
145_0;';;'3100000001452;"RADIESSE (1x1.5ml)";MERZ
131_0;';;'3100000001315;"Silhouette Soft 16 Cones – Sinclair Pharma";Sinclair
130_0;';;;"Silhouette Soft 12 Cones – Sinclair Pharma";Sinclair
129_0;';;;"Silhouette Soft 8 Cones – Sinclair Pharma";Sinclair
126_0;'9999900001792;;'3100000001261;"STYLAGE XXL  (2x1ml)";VIVACY
123_0;'9999900004137;;'3100000001230;"STYLAGE XL Lidocaine (2x1ml)";VIVACY
122_0;'9999900004205;;'3100000001223;"STYLAGE M Lidocaïne (2x1ml) - VIVACY";VIVACY
121_0;'9999900001808;;'3100000001216;"Stylage M (2x1ml) - VIVACY";VIVACY
120_0;'9999900003031;;'3100000001209;"STYLAGE L Lidocaine (2x1ml)";VIVACY
119_0;'9999900003024;;'3100000001193;"STYLAGE L (2x1ml)";VIVACY
116_0;'9999900003390;;'3100000001162;"RESTYLANE SKINBOOSTERS Vital Light lidocaine 1x1ml";Galderma
115_0;'9999900009576;;'3100000001155;"RESTYLANE DEYFINE lido (1x1ml)";Galderma
55_0;'9999900003635;;'3100000000554;"RESTYLANE SKINBOOSTER Lidocaïne (1x1ml)";Galderma
53_0;'9999900002683;;'3100000000530;"RESTYLANE Lyft Lidocaïne (1x1ml)";Galderma
52_0;'9999900002997;;'3100000000523;"RESTYLANE Lidocaïne (1x1ml)";Galderma
48_0;'9999900007503;;'3100000000486;"RESTYLANE VOLYME Lidocaine (1x1ml)";Galderma
47_0;'9999900008739;;'3100000000479;"RESTYLANE REFYNE lidocaine (1x1ml)";Galderma
38_0;';;'3100000000387;"Teosyal Puresense Redensity 2 (2x1ml)";Teoxane
37_0;';;'3100000000370;"Teosyal Puresense Redensity 1 (2x1ml)";Teoxane
34_0;';;'3100000000349;"TEOSYAL PureSense Ultra Deep";Teoxane
33_0;';;'3100000000332;"TEOSYAL PureSense Kiss";Teoxane
23_0;'9999900002744;;'3100000000233;"STYLAGE HYDRO MAX";VIVACY
21_0;'9999900001785;;'3100000000219;"STYLAGE XL (2x1ml)";VIVACY
11_0;'9999900002676;;'3100000000110;"JUVEDERM ULTRA 2 (2x0,55ml)";Juvederm
8_0;'9999900006018;;'3100000000080;"JUVEDERM VOLIFT avec Lidocaïne (2x1ml)";Juvederm
1_0;'9999900007145;;'3100000000011;"JUVEDERM VOLBELLA avec Lidocaine (2x1ml)";Juvederm
